{
  "pso": {
    "best_fitness": 0.03339831059129306,
    "execution_time": 120.62388229370117,
    "convergence_curve": [
      0.04044370184721069,
      0.038642903555184294,
      0.03514341409078259,
      0.03514341409078259,
      0.03514341409078259,
      0.03514341409078259,
      0.03514341409078259,
      0.03514341409078259,
      0.03514341409078259,
      0.03514341409078259,
      0.03514341409078259,
      0.03514341409078259,
      0.03514341409078259,
      0.03339831059129306,
      0.03339831059129306,
      0.03339831059129306,
      0.03339831059129306,
      0.03339831059129306,
      0.03339831059129306,
      0.03339831059129306,
      0.03339831059129306,
      0.03339831059129306,
      0.03339831059129306,
      0.03339831059129306,
      0.03339831059129306,
      0.03339831059129306,
      0.03339831059129306,
      0.03339831059129306,
      0.03339831059129306,
      0.03339831059129306,
      0.03339831059129306,
      0.03339831059129306,
      0.03339831059129306,
      0.03339831059129306,
      0.03339831059129306,
      0.03339831059129306,
      0.03339831059129306,
      0.03339831059129306,
      0.03339831059129306,
      0.03339831059129306,
      0.03339831059129306,
      0.03339831059129306,
      0.03339831059129306,
      0.03339831059129306,
      0.03339831059129306,
      0.03339831059129306,
      0.03339831059129306,
      0.03339831059129306,
      0.03339831059129306,
      0.03339831059129306
    ],
    "model_parameters": {
      "algorithm": "pso",
      "task_type": "feature_optimization",
      "optimized_value": 0.03339831059129306,
      "ready_for_production": true
    }
  },
  "gwo": {
    "best_fitness": 0.03337046319502457,
    "execution_time": 279.4072651863098,
    "convergence_curve": [
      0.03337046319502457,
      0.03337046319502457,
      0.03337046319502457,
      0.03337046319502457,
      0.03337046319502457,
      0.03337046319502457,
      0.03337046319502457,
      0.03337046319502457,
      0.03337046319502457,
      0.03337046319502457,
      0.03337046319502457,
      0.03337046319502457,
      0.03337046319502457,
      0.03337046319502457,
      0.03337046319502457,
      0.03337046319502457,
      0.03337046319502457,
      0.03337046319502457,
      0.03337046319502457,
      0.03337046319502457,
      0.03337046319502457,
      0.03337046319502457,
      0.03337046319502457,
      0.03337046319502457,
      0.03337046319502457,
      0.03337046319502457,
      0.03337046319502457,
      0.03337046319502457,
      0.03337046319502457,
      0.03337046319502457,
      0.03337046319502457,
      0.03337046319502457,
      0.03337046319502457,
      0.03337046319502457,
      0.03337046319502457,
      0.03337046319502457,
      0.03337046319502457,
      0.03337046319502457,
      0.03337046319502457,
      0.03337046319502457,
      0.03337046319502457,
      0.03337046319502457,
      0.03337046319502457,
      0.03337046319502457,
      0.03337046319502457,
      0.03337046319502457,
      0.03337046319502457,
      0.03337046319502457,
      0.03337046319502457,
      0.03337046319502457,
      0.03337046319502457,
      0.03337046319502457,
      0.03337046319502457,
      0.03337046319502457,
      0.03337046319502457,
      0.03337046319502457,
      0.03337046319502457,
      0.03337046319502457,
      0.03337046319502457,
      0.03337046319502457,
      0.03337046319502457,
      0.03337046319502457,
      0.03337046319502457,
      0.03337046319502457,
      0.03337046319502457,
      0.03337046319502457,
      0.03337046319502457,
      0.03337046319502457,
      0.03337046319502457,
      0.03337046319502457,
      0.03337046319502457,
      0.03337046319502457,
      0.03337046319502457,
      0.03337046319502457,
      0.03337046319502457,
      0.03337046319502457,
      0.03337046319502457,
      0.03337046319502457,
      0.03337046319502457,
      0.03337046319502457,
      0.03337046319502457,
      0.03337046319502457,
      0.03337046319502457,
      0.03337046319502457,
      0.03337046319502457,
      0.03337046319502457,
      0.03337046319502457,
      0.03337046319502457,
      0.03337046319502457,
      0.03337046319502457,
      0.03337046319502457,
      0.03337046319502457,
      0.03337046319502457,
      0.03337046319502457,
      0.03337046319502457,
      0.03337046319502457,
      0.03337046319502457,
      0.03337046319502457,
      0.03337046319502457,
      0.03337046319502457
    ],
    "model_parameters": {
      "algorithm": "gwo",
      "task_type": "feature_optimization",
      "optimized_value": 0.03337046319502457,
      "ready_for_production": true
    }
  },
  "wdo": {
    "best_fitness": 0.03165320709180364,
    "execution_time": 109.05317187309265,
    "convergence_curve": [
      0.03165320709180364,
      0.03165320709180364,
      0.03165320709180364,
      0.03165320709180364,
      0.03165320709180364,
      0.03165320709180364,
      0.03165320709180364,
      0.03165320709180364,
      0.03165320709180364,
      0.03165320709180364,
      0.03165320709180364,
      0.03165320709180364,
      0.03165320709180364,
      0.03165320709180364,
      0.03165320709180364,
      0.03165320709180364,
      0.03165320709180364,
      0.03165320709180364,
      0.03165320709180364,
      0.03165320709180364,
      0.03165320709180364,
      0.03165320709180364,
      0.03165320709180364,
      0.03165320709180364,
      0.03165320709180364,
      0.03165320709180364,
      0.03165320709180364,
      0.03165320709180364,
      0.03165320709180364,
      0.03165320709180364,
      0.03165320709180364,
      0.03165320709180364,
      0.03165320709180364,
      0.03165320709180364,
      0.03165320709180364,
      0.03165320709180364,
      0.03165320709180364,
      0.03165320709180364,
      0.03165320709180364,
      0.03165320709180364,
      0.03165320709180364,
      0.03165320709180364,
      0.03165320709180364,
      0.03165320709180364,
      0.03165320709180364,
      0.03165320709180364,
      0.03165320709180364,
      0.03165320709180364,
      0.03165320709180364,
      0.03165320709180364,
      0.03165320709180364
    ],
    "model_parameters": {
      "algorithm": "wdo",
      "task_type": "feature_optimization",
      "optimized_value": 0.03165320709180364,
      "ready_for_production": true
    }
  }
}