iteration,best_fitness
1,0.07499999999999996
2,0.07499999999999996
3,0.07499999999999996
4,0.050000000000000044
5,0.050000000000000044
6,0.050000000000000044
7,0.050000000000000044
8,0.050000000000000044
9,0.050000000000000044
10,0.050000000000000044
11,0.050000000000000044
12,0.050000000000000044
13,0.050000000000000044
14,0.050000000000000044
15,0.050000000000000044
16,0.050000000000000044
17,0.050000000000000044
18,0.050000000000000044
19,0.050000000000000044
20,0.050000000000000044
21,0.050000000000000044
22,0.050000000000000044
23,0.050000000000000044
24,0.050000000000000044
25,0.050000000000000044
26,0.050000000000000044
27,0.050000000000000044
28,0.050000000000000044
29,0.050000000000000044
30,0.050000000000000044
31,0.125
32,0.09999999999999998
33,0.09999999999999998
34,0.09999999999999998
35,0.07499999999999996
36,0.07499999999999996
37,0.07499999999999996
38,0.07499999999999996
39,0.07499999999999996
40,0.07499999999999996
41,0.07499999999999996
42,0.07499999999999996
43,0.07499999999999996
44,0.07499999999999996
45,0.07499999999999996
46,0.07499999999999996
47,0.07499999999999996
48,0.07499999999999996
49,0.07499999999999996
50,0.07499999999999996
51,0.07499999999999996
52,0.07499999999999996
53,0.07499999999999996
54,0.07499999999999996
55,0.07499999999999996
56,0.07499999999999996
57,0.07499999999999996
58,0.07499999999999996
59,0.07499999999999996
60,0.07499999999999996
