{
    "algorithm_name": "Hybrid_PSO_then_GWO",
    "best_fitness": 0.050000000000000044,
    "best_solution": [
        0.223896535786034,
        0.25457818863980136,
        0.2496898645368655,
        0.33180017455388383,
        0.7434979791995865,
        0.558221313768683,
        0.03982862609756551,
        0.6173492941249793,
        0.7141011576502118,
        0.8991305004568361,
        0.22947959788146244,
        0.6721804335348048,
        0.4059940506294379,
        1.0,
        0.8249885057359877,
        0.23732690244301005,
        0.28832004000213163,
        0.8056435781540962,
        0.8999044167403992,
        0.9281405610152443
    ],
    "convergence_curve": [
        0.09999999999999998,
        0.09999999999999998,
        0.09999999999999998,
        0.09999999999999998,
        0.09999999999999998,
        0.09999999999999998,
        0.09999999999999998,
        0.09999999999999998,
        0.09999999999999998,
        0.09999999999999998,
        0.09999999999999998,
        0.09999999999999998,
        0.09999999999999998,
        0.09999999999999998,
        0.09999999999999998,
        0.09999999999999998,
        0.050000000000000044,
        0.050000000000000044,
        0.050000000000000044,
        0.050000000000000044,
        0.050000000000000044,
        0.050000000000000044,
        0.050000000000000044,
        0.050000000000000044,
        0.050000000000000044,
        0.050000000000000044,
        0.050000000000000044,
        0.050000000000000044,
        0.050000000000000044,
        0.050000000000000044,
        0.125,
        0.125,
        0.09999999999999998,
        0.09999999999999998,
        0.07499999999999996,
        0.07499999999999996,
        0.07499999999999996,
        0.07499999999999996,
        0.07499999999999996,
        0.07499999999999996,
        0.07499999999999996,
        0.07499999999999996,
        0.07499999999999996,
        0.07499999999999996,
        0.07499999999999996,
        0.050000000000000044,
        0.050000000000000044,
        0.050000000000000044,
        0.050000000000000044,
        0.050000000000000044,
        0.050000000000000044,
        0.050000000000000044,
        0.050000000000000044,
        0.050000000000000044,
        0.050000000000000044,
        0.050000000000000044,
        0.050000000000000044,
        0.050000000000000044,
        0.050000000000000044,
        0.050000000000000044
    ],
    "execution_time": 5.1505231857299805,
    "parameters": {
        "population_size": 25,
        "max_iterations": 60,
        "lower_bound": [
            0.0,
            0.0,
            0.0,
            0.0,
            0.0,
            0.0,
            0.0,
            0.0,
            0.0,
            0.0,
            0.0,
            0.0,
            0.0,
            0.0,
            0.0,
            0.0,
            0.0,
            0.0,
            0.0,
            0.0
        ],
        "upper_bound": [
            1.0,
            1.0,
            1.0,
            1.0,
            1.0,
            1.0,
            1.0,
            1.0,
            1.0,
            1.0,
            1.0,
            1.0,
            1.0,
            1.0,
            1.0,
            1.0,
            1.0,
            1.0,
            1.0,
            1.0
        ],
        "dimensions": 20,
        "verbose": true
    },
    "problem_type": "feature_selection",
    "timestamp": "2025-09-11T00:38:55.083425",
    "n_selected_features": 11,
    "selected_feature_indices": [
        4,
        5,
        7,
        8,
        9,
        11,
        13,
        14,
        17,
        18,
        19
    ]
}