{
    "algorithm_name": "Hybrid_SCA_then_PSO",
    "best_fitness": 0.09999999999999998,
    "best_solution": [
        1.0,
        0.7681758244905641,
        0.9151009885337258,
        0.06914778905964314,
        0.49052977760048744,
        0.4039607430747403,
        0.4608567803683766,
        1.0,
        0.8414721197804074,
        0.0025958749276729087,
        0.7099566226300781,
        1.0,
        0.45298514857745203,
        1.0,
        1.0,
        0.6758815414356992,
        0.8571126858918613,
        1.0,
        0.28803202143673917,
        0.0
    ],
    "convergence_curve": [
        0.125,
        0.125,
        0.125,
        0.09999999999999998,
        0.09999999999999998,
        0.09999999999999998,
        0.09999999999999998,
        0.09999999999999998,
        0.09999999999999998,
        0.09999999999999998,
        0.09999999999999998,
        0.09999999999999998,
        0.09999999999999998,
        0.09999999999999998,
        0.07499999999999996,
        0.07499999999999996,
        0.07499999999999996,
        0.07499999999999996,
        0.07499999999999996,
        0.07499999999999996,
        0.07499999999999996,
        0.07499999999999996,
        0.07499999999999996,
        0.07499999999999996,
        0.07499999999999996,
        0.07499999999999996,
        0.07499999999999996,
        0.07499999999999996,
        0.07499999999999996,
        0.07499999999999996,
        0.15000000000000002,
        0.15000000000000002,
        0.09999999999999998,
        0.09999999999999998,
        0.09999999999999998,
        0.09999999999999998,
        0.09999999999999998,
        0.09999999999999998,
        0.09999999999999998,
        0.09999999999999998,
        0.09999999999999998,
        0.09999999999999998,
        0.09999999999999998,
        0.09999999999999998,
        0.09999999999999998,
        0.09999999999999998,
        0.09999999999999998,
        0.09999999999999998,
        0.09999999999999998,
        0.09999999999999998,
        0.09999999999999998,
        0.09999999999999998,
        0.09999999999999998,
        0.09999999999999998,
        0.09999999999999998,
        0.09999999999999998,
        0.09999999999999998,
        0.09999999999999998,
        0.09999999999999998,
        0.09999999999999998
    ],
    "execution_time": 4.682846307754517,
    "parameters": {
        "population_size": 25,
        "max_iterations": 60,
        "lower_bound": [
            0.0,
            0.0,
            0.0,
            0.0,
            0.0,
            0.0,
            0.0,
            0.0,
            0.0,
            0.0,
            0.0,
            0.0,
            0.0,
            0.0,
            0.0,
            0.0,
            0.0,
            0.0,
            0.0,
            0.0
        ],
        "upper_bound": [
            1.0,
            1.0,
            1.0,
            1.0,
            1.0,
            1.0,
            1.0,
            1.0,
            1.0,
            1.0,
            1.0,
            1.0,
            1.0,
            1.0,
            1.0,
            1.0,
            1.0,
            1.0,
            1.0,
            1.0
        ],
        "dimensions": 20,
        "verbose": true
    },
    "problem_type": "feature_selection",
    "timestamp": "2025-09-11T00:38:49.925305",
    "n_selected_features": 12,
    "selected_feature_indices": [
        0,
        1,
        2,
        7,
        8,
        10,
        11,
        13,
        14,
        15,
        16,
        17
    ]
}