{
  "metadata": {
    "timestamp": "2025-10-07T17:01:37.860816",
    "task_type": "feature_selection",
    "data_info": {
      "n_samples": 569,
      "n_features": 30,
      "n_classes": 2,
      "dataset_name": "Breast Cancer Dataset",
      "task_type": "feature_selection"
    },
    "total_algorithms": 2
  },
  "results": {
    "pso": {
      "algorithm": "pso",
      "parameters": {
        "max_iterations": 30,
        "population_size": 20,
        "verbose": false
      },
      "statistics": {
        "mean_fitness": 0.0656143445032334,
        "std_fitness": 0.004824197232459615,
        "best_fitness": 0.06005569479253686,
        "worst_fitness": 0.07181936322287201,
        "mean_time": 46.07089106241862,
        "std_time": 0.7369761013356174,
        "total_runs": 3,
        "mean_features": 9.666666666666666,
        "std_features": 1.247219128924647,
        "mean_accuracy": 0.9343856554967666,
        "std_accuracy": 0.004824197232459618
      },
      "task_type": "feature_selection",
      "runs_summary": {
        "total_runs": 3,
        "best_fitness": 0.06005569479253686,
        "mean_fitness": 0.0656143445032334,
        "convergence_curves": [
          [
            0.0688740369442124,
            0.06005569479253686,
            0.06005569479253686,
            0.06005569479253686,
            0.06005569479253686,
            0.06005569479253686,
            0.06005569479253686,
            0.06005569479253686,
            0.06005569479253686,
            0.06005569479253686,
            0.06005569479253686,
            0.06005569479253686,
            0.06005569479253686,
            0.06005569479253686,
            0.06005569479253686,
            0.06005569479253686,
            0.06005569479253686,
            0.06005569479253686,
            0.06005569479253686,
            0.06005569479253686,
            0.06005569479253686,
            0.06005569479253686,
            0.06005569479253686,
            0.06005569479253686,
            0.06005569479253686,
            0.06005569479253686,
            0.06005569479253686,
            0.06005569479253686,
            0.06005569479253686,
            0.06005569479253686
          ],
          [
            0.07359231411862992,
            0.07359231411862992,
            0.07359231411862992,
            0.07359231411862992,
            0.07359231411862992,
            0.07359231411862992,
            0.07359231411862992,
            0.07359231411862992,
            0.07359231411862992,
            0.07359231411862992,
            0.07359231411862992,
            0.07359231411862992,
            0.07359231411862992,
            0.07359231411862992,
            0.07359231411862992,
            0.07359231411862992,
            0.07359231411862992,
            0.07359231411862992,
            0.07181936322287201,
            0.07181936322287201,
            0.07181936322287201,
            0.07181936322287201,
            0.07181936322287201,
            0.07181936322287201,
            0.07181936322287201,
            0.07181936322287201,
            0.07181936322287201,
            0.07181936322287201,
            0.07181936322287201,
            0.07181936322287201
          ],
          [
            0.08359231411862991,
            0.07337046319502458,
            0.07337046319502458,
            0.07337046319502458,
            0.07337046319502458,
            0.07337046319502458,
            0.07337046319502458,
            0.07337046319502458,
            0.07337046319502458,
            0.07337046319502458,
            0.07337046319502458,
            0.06531885268727361,
            0.06514341409078259,
            0.06514341409078259,
            0.06514341409078259,
            0.06514341409078259,
            0.06514341409078259,
            0.06514341409078259,
            0.06496797549429134,
            0.06496797549429134,
            0.06496797549429134,
            0.06496797549429134,
            0.06496797549429134,
            0.06496797549429134,
            0.06496797549429134,
            0.06496797549429134,
            0.06496797549429134,
            0.06496797549429134,
            0.06496797549429134,
            0.06496797549429134
          ]
        ]
      }
    },
    "gwo": {
      "algorithm": "gwo",
      "parameters": {
        "max_iterations": 30,
        "population_size": 20,
        "verbose": false
      },
      "statistics": {
        "mean_fitness": 0.048473653268974896,
        "std_fitness": 0.0013530944560532412,
        "best_fitness": 0.04692564745196325,
        "worst_fitness": 0.05022185092360523,
        "mean_time": 239.61322689056396,
        "std_time": 20.950197708203802,
        "total_runs": 3,
        "mean_features": 4.0,
        "std_features": 0.816496580927726,
        "mean_accuracy": 0.9515263467310251,
        "std_accuracy": 0.0013530944560532236
      },
      "task_type": "feature_selection",
      "runs_summary": {
        "total_runs": 3,
        "best_fitness": 0.04692564745196325,
        "mean_fitness": 0.048473653268974896,