{
  "pso": {
    "algorithm": "pso",
    "runs": [
      {
        "run": 1,
        "best_fitness": 0.11191510937273652,
        "n_selected_features": 8,
        "convergence_curve": [
          0.11191510937273652,
          0.11191510937273652,
          0.11191510937273652,
          0.11191510937273652,
          0.11191510937273652,
          0.11191510937273652,
          0.11191510937273652,
          0.11191510937273652,
          0.11191510937273652,
          0.11191510937273652,
          0.11191510937273652,
          0.11191510937273652,
          0.11191510937273652,
          0.11191510937273652,
          0.11191510937273652,
          0.11191510937273652,
          0.11191510937273652,
          0.11191510937273652,
          0.11191510937273652,
          0.11191510937273652,
          0.11191510937273652,
          0.11191510937273652,
          0.11191510937273652,
          0.11191510937273652,
          0.11191510937273652,
          0.11191510937273652,
          0.11191510937273652,
          0.11191510937273652,
          0.11191510937273652,
          0.11191510937273652,
          0.11191510937273652,
          0.11191510937273652,
          0.11191510937273652,
          0.11191510937273652,
          0.11191510937273652,
          0.11191510937273652,
          0.11191510937273652,
          0.11191510937273652,
          0.11191510937273652,
          0.11191510937273652,
          0.11191510937273652,
          0.11191510937273652,
          0.11191510937273652,
          0.11191510937273652,
          0.11191510937273652,
          0.11191510937273652,
          0.11191510937273652,
          0.11191510937273652,
          0.11191510937273652,
          0.11191510937273652
        ],
        "execution_time": 45.674389362335205,
        "final_accuracy": 0.8880848906272635,
        "success": true,
        "total_iterations": 50
      }
    ],
    "statistics": {
      "mean_fitness": 0.11191510937273652,
      "std_fitness": 0.0,
      "best_fitness": 0.11191510937273652,
      "worst_fitness": 0.11191510937273652,
      "mean_time": 45.674389362335205,
      "std_time": 0.0,
      "total_runs": 1,
      "successful_runs": 1,
      "mean_features": 8.0,
      "std_features": 0.0,
      "mean_accuracy": 0.8880848906272635,
      "std_accuracy": 0.0
    },
    "task_type": "feature_selection",
    "total_execution_time": 45.67470979690552
  },
  "alo": {
    "algorithm": "alo",
    "runs": [
      {
        "run": 1,
        "best_fitness": 0.08181225554106916,
        "n_selected_features": 7,
        "convergence_curve": [
          0.11912936404461821,
          0.11912936404461821,
          0.09330001448645517,
          0.09330001448645517,
          0.09320585252788646,
          0.09320585252788646,
          0.09320585252788646,
          0.09320585252788646,
          0.09320585252788646,
          0.09320585252788646,
          0.09320585252788646,
          0.09320585252788646,
          0.09320585252788646,
          0.09320585252788646,
          0.09320585252788646,
          0.09320585252788646,
          0.09320585252788646,
          0.09320585252788646,
          0.09320585252788646,
          0.09320585252788646,
          0.09320585252788646,
          0.09320585252788646,
          0.09320585252788646,
          0.09320585252788646,
          0.09320585252788646,
          0.09320585252788646,
          0.09320585252788646,
          0.09320585252788646,
          0.09320585252788646,
          0.09320585252788646,
          0.09320585252788646,
          0.09320585252788646,
          0.09320585252788646,
          0.09320585252788646,
          0.09320585252788646,
          0.08181225554106916,
          0.08181225554106916,
          0.08181225554106916,
          0.08181225554106916,
          0.08181225554106916,
          0.08181225554106916,
          0.08181225554106916,
          0.08181225554106916,
          0.08181225554106916,
          0.08181225554106916,
          0.08181225554106916,
          0.08181225554106916,
          0.08181225554106916,
          0.08181225554106916,
          0.08181225554106916,
          0.08181225554106916,
          0.08181225554106916,
          0.08181225554106916,
          0.08181225554106916,
          0.08181225554106916,
          0.08181225554106916,
          0.08181225554106916,
          0.08181225554106916,
          0.08181225554106916,
          0.08181225554106916,
          0.08181225554106916,
          0.08181225554106916,
          0.08181225554106916,
          0.08181225554106916,
          0.08181225554106916,
          0.08181225554106916,
          0.08181225554106916,
          0.08181225554106916,
          0.08181225554106916,
          0.08181225554106916,
          0.08181225554106916,
          0.08181225554106916,
          0.08181225554106916,
          0.08181225554106916,
          0.08181225554106916,
          0.08181225554106916,
          0.08181225554106916,
          0.08181225554106916,
          0.08181225554106916,
          0.08181225554106916,
          0.08181225554106916,
          0.08181225554106916,
          0.08181225554106916,
          0.08181225554106916,
          0.08181225554106916,
          0.08181225554106916,
          0.08181225554106916,
          0.08181225554106916,
          0.08181225554106916,
          0.08181225554106916,
          0.08181225554106916,
          0.08181225554106916,
          0.08181225554106916,
          0.08181225554106916,
          0.08181225554106916,
          0.08181225554106916,
          0.08181225554106916,
          0.08181225554106916,
          0.08181225554106916,
          0.08181225554106916
        ],
        "execution_time": 104.30789375305176,
        "final_accuracy": 0.9181877444589308,
        "success": true,
        "total_iterations": 100
      }
    ],
    "statistics": {
      "mean_fitness": 0.08181225554106916,
      "std_fitness": 0.0,
      "best_fitness": 0.08181225554106916,
      "worst_fitness": 0.08181225554106916,
      "mean_time": 104.30789375305176,
      "std_time": 0.0,
      "total_runs": 1,
      "successful_runs": 1,
      "mean_features": 7.0,
      "std_features": 0.0,
      "mean_accuracy": 0.9181877444589308,
      "std_accuracy": 0.0
    },
    "task_type": "feature_selection",
    "total_execution_time": 104.30806994438171
  }
}