{
  "metadata": {
    "timestamp": "20251009_033022",
    "session_id": "session_20251009_030502_7116d910",
    "task_type": "feature_optimization",
    "data_info": {
      "n_samples": 569,
      "n_features": 30,
      "n_classes": 2,
      "dataset_name": "Breast Cancer",
      "task_type": "feature_optimization"
    },
    "total_algorithms": 3,
    "software_version": "MHA-Comprehensive-v3.0-Persistent",
    "save_location": "results\\persistent_storage",
    "persistence_enabled": true
  },
  "algorithms": {
    "pso": {
      "statistics": {
        "mean_fitness": 0.033976917602648614,
        "std_fitness": 0.0008182738827431891,
        "best_fitness": 0.03339831059129306,
        "worst_fitness": 0.03513413162535972,
        "mean_time": 112.24782554308574,
        "std_time": 6.218190225823104,
        "total_runs": 3,
        "successful_runs": 3,
        "mean_performance": 0.9660230823973514,
        "std_performance": 0.0008182738827431891,
        "best_performance": 0.9666016894087069
      },
      "best_run": {
        "run": 1,
        "best_fitness": 0.03339831059129306,
        "convergence_curve": [
          0.04044370184721069,
          0.038642903555184294,
          0.03514341409078259,
          0.03514341409078259,
          0.03514341409078259,
          0.03514341409078259,
          0.03514341409078259,
          0.03514341409078259,
          0.03514341409078259,
          0.03514341409078259,
          0.03514341409078259,
          0.03514341409078259,
          0.03514341409078259,
          0.03339831059129306,
          0.03339831059129306,
          0.03339831059129306,
          0.03339831059129306,
          0.03339831059129306,
          0.03339831059129306,
          0.03339831059129306,
          0.03339831059129306,
          0.03339831059129306,
          0.03339831059129306,
          0.03339831059129306,
          0.03339831059129306,
          0.03339831059129306,
          0.03339831059129306,
          0.03339831059129306,
          0.03339831059129306,
          0.03339831059129306,
          0.03339831059129306,
          0.03339831059129306,
          0.03339831059129306,
          0.03339831059129306,
          0.03339831059129306,
          0.03339831059129306,
          0.03339831059129306,
          0.03339831059129306,
          0.03339831059129306,
          0.03339831059129306,
          0.03339831059129306,
          0.03339831059129306,
          0.03339831059129306,
          0.03339831059129306,
          0.03339831059129306,
          0.03339831059129306,
          0.03339831059129306,
          0.03339831059129306,
          0.03339831059129306,
          0.03339831059129306
        ],
        "execution_time": 120.62388229370117,
        "optimized_weights": [
          -100.0,
          100.0,
          -100.0,
          94.87196155126797,
          76.58725214198597,
          100.0,
          100.0,
          100.0,
          -75.31250388749949,
          34.70266576750399
        ],
        "performance_score": 0.9666016894087069,
        "success": true
      },
      "performance_score": 0.03339831059129306,
      "execution_time": 112.24782554308574,
      "stability": 0.9759167711352544
    },
    "gwo": {
      "statistics": {
        "mean_fitness": 0.03453695968315847,
        "std_fitness": 0.0016496751539795504,
        "best_fitness": 0.03337046319502457,
        "worst_fitness": 0.036869952659426275,
        "mean_time": 249.17573730150858,
        "std_time": 22.257664988386097,
        "total_runs": 3,
        "successful_runs": 3,
        "mean_performance": 0.9654630403168415,
        "std_performance": 0.0016496751539795504,
        "best_performance": 0.9666295368049754
      },
      "best_run": {
        "run": 1,
        "best_fitness": 0.03337046319502457,
        "convergence_curve": [
          0.03337046319502457,
          0.03337046319502457,
          0.03337046319502457,
          0.03337046319502457,
          0.03337046319502457,
          0.03337046319502457,
          0.03337046319502457,
          0.03337046319502457,
          0.03337046319502457,
          0.03337046319502457,
          0.03337046319502457,
          0.03337046319502457,
          0.03337046319502457,
          0.03337046319502457,
          0.03337046319502457,
          0.03337046319502457,
          0.03337046319502457,
          0.03337046319502457,
          0.03337046319502457,
          0.03337046319502457,
          0.03337046319502457,
          0.03337046319502457,
          0.03337046319502457,
          0.03337046319502457,
          0.03337046319502457,
          0.03337046319502457,
          0.03337046319502457,
          0.03337046319502457,
          0.03337046319502457,
          0.03337046319502457,
          0.03337046319502457,
          0.03337046319502457,
          0.03337046319502457,
          0.03337046319502457,
          0.03337046319502457,
          0.03337046319502457,
          0.03337046319502457,
          0.03337046319502457,
          0.03337046319502457,
          0.03337046319502457,
          0.03337046319502457,
          0.03337046319502457,
          0.03337046319502457,
          0.03337046319502457,
          0.03337046319502457,
          0.03337046319502457,
          0.03337046319502457,
          0.03337046319502457,
          0.03337046319502457,
          0.03337046319502457,
          0.03337046319502457,
          0.03337046319502457,
          0.03337046319502457,
          0.03337046319502457,
          0.03337046319502457,
          0.03337046319502457,
          0.03337046319502457,
          0.03337046319502457,
          0.03337046319502457,
          0.03337046319502457,
          0.03337046319502457,
          0.03337046319502457,
          0.03337046319502457,
          0.03337046319502457,
          0.03337046319502457,
          0.03337046319502457,
          0.03337046319502457,
          0.03337046319502457,
          0.03337046319502457,
          0.03337046319502457,
          0.03337046319502457,
          0.03337046319502457,
          0.03337046319502457,
          0.03337046319502457,
          0.03337046319502457,
          0.03337046319502457,
          0.03337046319502457,
          0.03337046319502457,
          0.03337046319502457,
          0.03337046319502457,
          0.03337046319502457,
          0.03337046319502457,
          0.03337046319502457,
          0.03337046319502457,
          0.03337046319502457,
          0.03337046319502457,
          0.03337046319502457,
          0.03337046319502457,
          0.03337046319502457,
          0.03337046319502457,
          0.03337046319502457,
          0.03337046319502457,
          0.03337046319502457,
          0.03337046319502457,
          0.03337046319502457,
          0.03337046319502457,
          0.03337046319502457,
          0.03337046319502457,
          0.03337046319502457,
          0.03337046319502457
        ],
        "execution_time": 279.4072651863098,
        "optimized_weights": [
          4.16830121402316,
          90.20893749836262,
          -30.733312683911578,
          81.57610814492526,
          -90.19491035318961,
          41.025680655927545,
          -63.20761286567536,
          13.452006396047025,
          -67.51749999079051,
          85.0529550328078
        ],
        "performance_score": 0.9666295368049754,
        "success": true
      },
      "performance_score": 0.03337046319502457,
      "execution_time": 249.17573730150858,
      "stability": 0.952234499819508
    },
    "wdo": {
      "statistics": {
        "mean_fitness": 0.039261734583372086,
        "std_fitness": 0.005427506208867006,
        "best_fitness": 0.03165320709180364,
        "worst_fitness": 0.043943191311612395,
        "mean_time": 108.89476617177327,
        "std_time": 10.637569432421188,
        "total_runs": 3,
        "successful_runs": 3,
        "mean_performance": 0.9607382654166279,