{
    "algorithm_name": "PSO",
    "best_fitness": 0.050000000000000044,
    "best_solution": [
        0.08937016325284469,
        0.57975943967675,
        0.2105440036338605,
        0.465256294627878,
        0.08783156718653529,
        0.18821216833707513,
        0.5353160133491315,
        0.19767987950801247,
        0.7758061536179413,
        0.690962839129236,
        0.7968771945043548,
        0.07039024994844792,
        0.9394267040042582,
        0.2625374802115915,
        0.24654332180839317
    ],
    "convergence_curve": [
        0.15000000000000002,
        0.09999999999999998,
        0.09999999999999998,
        0.09999999999999998,
        0.050000000000000044,
        0.050000000000000044,
        0.050000000000000044,
        0.050000000000000044,
        0.050000000000000044,
        0.050000000000000044,
        0.050000000000000044,
        0.050000000000000044,
        0.050000000000000044,
        0.050000000000000044,
        0.050000000000000044,
        0.050000000000000044,
        0.050000000000000044,
        0.050000000000000044,
        0.050000000000000044,
        0.050000000000000044
    ],
    "execution_time": 1.3132479190826416,
    "parameters": {
        "population_size": 20,
        "max_iterations": 20,
        "lower_bound": [
            0.0,
            0.0,
            0.0,
            0.0,
            0.0,
            0.0,
            0.0,
            0.0,
            0.0,
            0.0,
            0.0,
            0.0,
            0.0,
            0.0,
            0.0
        ],
        "upper_bound": [
            1.0,
            1.0,
            1.0,
            1.0,
            1.0,
            1.0,
            1.0,
            1.0,
            1.0,
            1.0,
            1.0,
            1.0,
            1.0,
            1.0,
            1.0
        ],
        "dimensions": 15,
        "verbose": false
    },
    "problem_type": "unknown",
    "timestamp": "2025-09-11T00:40:39.293548"
}