{
    "algorithm_name": "SineCosinAlgorithm",
    "best_fitness": 0.09999999999999998,
    "best_solution": [
        0.5214371175649092,
        1.0,
        0.673675985698571,
        1.0,
        0.6278298784326951,
        0.0,
        1.0,
        0.342977805788942,
        0.13496868349281038,
        1.0,
        0.0,
        0.0,
        1.0,
        0.4307037441013408,
        0.0
    ],
    "convergence_curve": [
        0.15000000000000002,
        0.15000000000000002,
        0.15000000000000002,
        0.15000000000000002,
        0.09999999999999998,
        0.09999999999999998,
        0.09999999999999998,
        0.09999999999999998,
        0.09999999999999998,
        0.09999999999999998,
        0.09999999999999998,
        0.09999999999999998,
        0.09999999999999998,
        0.09999999999999998,
        0.09999999999999998,
        0.09999999999999998,
        0.09999999999999998,
        0.09999999999999998,
        0.09999999999999998,
        0.09999999999999998
    ],
    "execution_time": 1.1779348850250244,
    "parameters": {
        "population_size": 20,
        "max_iterations": 20,
        "lower_bound": [
            0.0,
            0.0,
            0.0,
            0.0,
            0.0,
            0.0,
            0.0,
            0.0,
            0.0,
            0.0,
            0.0,
            0.0,
            0.0,
            0.0,
            0.0
        ],
        "upper_bound": [
            1.0,
            1.0,
            1.0,
            1.0,
            1.0,
            1.0,
            1.0,
            1.0,
            1.0,
            1.0,
            1.0,
            1.0,
            1.0,
            1.0,
            1.0
        ],
        "dimensions": 15,
        "verbose": false
    },
    "problem_type": "unknown",
    "timestamp": "2025-09-11T00:40:40.472484"
}