iteration,best_fitness
1,0.125
2,0.09999999999999998
3,0.09999999999999998
4,0.09999999999999998
5,0.07499999999999996
6,0.07499999999999996
7,0.07499999999999996
8,0.07499999999999996
9,0.07499999999999996
10,0.07499999999999996
11,0.07499999999999996
12,0.07499999999999996
13,0.07499999999999996
14,0.07499999999999996
15,0.07499999999999996
16,0.07499999999999996
17,0.07499999999999996
18,0.07499999999999996
19,0.07499999999999996
20,0.07499999999999996
21,0.07499999999999996
22,0.07499999999999996
23,0.07499999999999996
24,0.07499999999999996
25,0.07499999999999996
26,0.07499999999999996
27,0.07499999999999996
28,0.07499999999999996
29,0.07499999999999996
30,0.07499999999999996
