{
    "algorithm_name": "GWO",
    "best_fitness": 0.07499999999999996,
    "best_solution": [
        0.7673107108905093,
        1.0,
        0.7203098940864491,
        0.4666081520173728,
        0.4121237342437542,
        0.884136214329413,
        0.19024687562831896,
        0.7198233430794901,
        0.7329392171254968,
        0.6422899772314634,
        0.36953965525744925,
        0.6444464879465398,
        0.780208882658175,
        0.8412118544083236,
        0.6893587088936725,
        1.0,
        1.0,
        1.0,
        1.0,
        0.3819795418425824
    ],
    "convergence_curve": [
        0.125,
        0.09999999999999998,
        0.09999999999999998,
        0.09999999999999998,
        0.07499999999999996,
        0.07499999999999996,
        0.07499999999999996,
        0.07499999999999996,
        0.07499999999999996,
        0.07499999999999996,
        0.07499999999999996,
        0.07499999999999996,
        0.07499999999999996,
        0.07499999999999996,
        0.07499999999999996,
        0.07499999999999996,
        0.07499999999999996,
        0.07499999999999996,
        0.07499999999999996,
        0.07499999999999996,
        0.07499999999999996,
        0.07499999999999996,
        0.07499999999999996,
        0.07499999999999996,
        0.07499999999999996,
        0.07499999999999996,
        0.07499999999999996,
        0.07499999999999996,
        0.07499999999999996,
        0.07499999999999996
    ],
    "execution_time": 2.78014874458313,
    "parameters": {
        "population_size": 25,
        "max_iterations": 30,
        "lower_bound": [
            0.0,
            0.0,
            0.0,
            0.0,
            0.0,
            0.0,
            0.0,
            0.0,
            0.0,
            0.0,
            0.0,
            0.0,
            0.0,
            0.0,
            0.0,
            0.0,
            0.0,
            0.0,
            0.0,
            0.0
        ],
        "upper_bound": [
            1.0,
            1.0,
            1.0,
            1.0,
            1.0,
            1.0,
            1.0,
            1.0,
            1.0,
            1.0,
            1.0,
            1.0,
            1.0,
            1.0,
            1.0,
            1.0,
            1.0,
            1.0,
            1.0,
            1.0
        ],
        "dimensions": 20,
        "verbose": false
    },
    "problem_type": "unknown",
    "timestamp": "2025-09-11T00:39:00.477917"
}