{
    "algorithm_name": "AquilaOptimizer",
    "best_fitness": 0.02777777777777779,
    "best_solution": [
        0.7078917216597419,
        0.7208157631258748,
        0.8033829160139822,
        0.00816928630111402,
        0.08341753508062255,
        0.07696938255591423,
        0.46964921523527914,
        0.14847791117498454,
        0.6451087789345179,
        0.5553644569406013,
        0.6376463994895984,
        0.6272392812476866,
        0.15915081892316885
    ],
    "convergence_curve": [
        0.02777777777777779,
        0.02777777777777779,
        0.02777777777777779,
        0.02777777777777779,
        0.02777777777777779,
        0.02777777777777779,
        0.02777777777777779,
        0.02777777777777779,
        0.02777777777777779,
        0.02777777777777779,
        0.02777777777777779,
        0.02777777777777779,
        0.02777777777777779,
        0.02777777777777779,
        0.02777777777777779,
        0.02777777777777779,
        0.02777777777777779,
        0.02777777777777779,
        0.02777777777777779,
        0.02777777777777779,
        0.02777777777777779,
        0.02777777777777779,
        0.02777777777777779,
        0.02777777777777779,
        0.02777777777777779,
        0.02777777777777779,
        0.02777777777777779,
        0.02777777777777779,
        0.02777777777777779,
        0.02777777777777779
    ],
    "execution_time": 1.4073195457458496,
    "parameters": {
        "population_size": 20,
        "max_iterations": 30,
        "lower_bound": [
            0.0,
            0.0,
            0.0,
            0.0,
            0.0,
            0.0,
            0.0,
            0.0,
            0.0,
            0.0,
            0.0,
            0.0,
            0.0
        ],
        "upper_bound": [
            1.0,
            1.0,
            1.0,
            1.0,
            1.0,
            1.0,
            1.0,
            1.0,
            1.0,
            1.0,
            1.0,
            1.0,
            1.0
        ],
        "dimensions": 13,
        "verbose": false
    },
    "problem_type": "feature_selection",
    "timestamp": "2025-09-14T02:17:13.427716",
    "n_selected_features": 7,
    "selected_feature_indices": [
        0,
        1,
        2,
        8,
        9,
        10,
        11
    ]
}