{
    "algorithm_name": "SineCosinAlgorithm",
    "best_fitness": 0.09999999999999998,
    "best_solution": [
        0.9597551987636517,
        0.3084931805042397,
        0.0,
        0.0,
        1.0,
        0.4546424317016327,
        0.8948046638552227,
        0.46498780762903047
    ],
    "convergence_curve": [
        0.19999999999999996,
        0.19999999999999996,
        0.09999999999999998,
        0.09999999999999998,
        0.09999999999999998,
        0.09999999999999998,
        0.09999999999999998,
        0.09999999999999998,
        0.09999999999999998,
        0.09999999999999998,
        0.09999999999999998,
        0.09999999999999998,
        0.09999999999999998,
        0.09999999999999998,
        0.09999999999999998,
        0.09999999999999998,
        0.09999999999999998,
        0.09999999999999998,
        0.09999999999999998,
        0.09999999999999998
    ],
    "execution_time": 1.6231732368469238,
    "parameters": {
        "population_size": 30,
        "max_iterations": 20,
        "lower_bound": [
            0.0,
            0.0,
            0.0,
            0.0,
            0.0,
            0.0,
            0.0,
            0.0
        ],
        "upper_bound": [
            1.0,
            1.0,
            1.0,
            1.0,
            1.0,
            1.0,
            1.0,
            1.0
        ],
        "dimensions": 8,
        "verbose": true
    },
    "problem_type": "feature_selection",
    "timestamp": "2025-09-14T01:57:01.027410",
    "n_selected_features": 3,
    "selected_feature_indices": [
        0,
        4,
        6
    ]
}