{
    "algorithm_name": "AquilaOptimizer",
    "best_fitness": 0.09999999999999998,
    "best_solution": [
        0.5029267755153476,
        0.4711632253288595,
        0.32513836877016244,
        0.38648445933397724,
        1.0,
        0.1338812290747478,
        0.6874947498990832,
        0.4185158257560922
    ],
    "convergence_curve": [
        0.19999999999999996,
        0.19999999999999996,
        0.09999999999999998,
        0.09999999999999998,
        0.09999999999999998,
        0.09999999999999998,
        0.09999999999999998,
        0.09999999999999998,
        0.09999999999999998,
        0.09999999999999998,
        0.09999999999999998,
        0.09999999999999998,
        0.09999999999999998,
        0.09999999999999998,
        0.09999999999999998,
        0.09999999999999998,
        0.09999999999999998,
        0.09999999999999998,
        0.09999999999999998,
        0.09999999999999998,
        0.09999999999999998,
        0.09999999999999998,
        0.09999999999999998,
        0.09999999999999998,
        0.09999999999999998,
        0.09999999999999998,
        0.09999999999999998,
        0.09999999999999998,
        0.09999999999999998,
        0.09999999999999998
    ],
    "execution_time": 2.0204572677612305,
    "parameters": {
        "population_size": 30,
        "max_iterations": 30,
        "lower_bound": [
            0.0,
            0.0,
            0.0,
            0.0,
            0.0,
            0.0,
            0.0,
            0.0
        ],
        "upper_bound": [
            1.0,
            1.0,
            1.0,
            1.0,
            1.0,
            1.0,
            1.0,
            1.0
        ],
        "dimensions": 8,
        "verbose": true
    },
    "problem_type": "feature_selection",
    "timestamp": "2025-09-14T01:56:54.442089",
    "n_selected_features": 3,
    "selected_feature_indices": [
        0,
        4,
        6
    ]
}