{
    "algorithm_name": "PSO",
    "best_fitness": 0.050000000000000044,
    "best_solution": [
        0.09615822199930263,
        0.2040782583032843,
        0.41609773582215837,
        0.4890093299424365,
        0.7985095134962235,
        0.07653526294583707,
        0.5229965975874944,
        0.24937533347235985,
        0.5621506920163273,
        0.9852691080388283,
        0.6641858858751022,
        0.3120726524902806,
        0.41426925356352917,
        0.9615918670078799,
        0.3230494636299224
    ],
    "convergence_curve": [
        0.15000000000000002,
        0.15000000000000002,
        0.15000000000000002,
        0.15000000000000002,
        0.15000000000000002,
        0.15000000000000002,
        0.15000000000000002,
        0.15000000000000002,
        0.15000000000000002,
        0.15000000000000002,
        0.15000000000000002,
        0.15000000000000002,
        0.15000000000000002,
        0.15000000000000002,
        0.15000000000000002,
        0.15000000000000002,
        0.15000000000000002,
        0.15000000000000002,
        0.15000000000000002,
        0.15000000000000002,
        0.15000000000000002,
        0.15000000000000002,
        0.15000000000000002,
        0.15000000000000002,
        0.15000000000000002,
        0.15000000000000002,
        0.15000000000000002,
        0.15000000000000002,
        0.050000000000000044,
        0.050000000000000044
    ],
    "execution_time": 2.1806914806365967,
    "parameters": {
        "population_size": 20,
        "max_iterations": 30,
        "lower_bound": [
            0.0,
            0.0,
            0.0,
            0.0,
            0.0,
            0.0,
            0.0,
            0.0,
            0.0,
            0.0,
            0.0,
            0.0,
            0.0,
            0.0,
            0.0
        ],
        "upper_bound": [
            1.0,
            1.0,
            1.0,
            1.0,
            1.0,
            1.0,
            1.0,
            1.0,
            1.0,
            1.0,
            1.0,
            1.0,
            1.0,
            1.0,
            1.0
        ],
        "dimensions": 15,
        "verbose": true
    },
    "problem_type": "feature_selection",
    "timestamp": "2025-09-11T00:40:33.962901",
    "n_selected_features": 6,
    "selected_feature_indices": [
        4,
        6,
        8,
        9,
        10,
        13
    ]
}