{
    "algorithm_name": "AquilaOptimizer",
    "best_fitness": 0.02631578947368418,
    "best_solution": [
        0.22030188669110862,
        0.6108994930846832,
        0.13964054074025614,
        0.8809694115585051,
        0.9482697996036435,
        0.3971034880131146,
        0.4000887711398617,
        0.1290211293004574,
        0.5260595896947455,
        0.43428533486617216,
        0.8003008141921011,
        0.6733107994989547,
        0.24702852677541232,
        0.5215384489728059,
        0.3462521429912101,
        0.6799061836166346,
        0.38776234695912415,
        0.45755768948356046,
        0.39527383645523634,
        0.793952306261895,
        0.7628093955648243,
        0.2622472914404984,
        0.5347656944380992,
        0.15353858157778272,
        0.9548700504844218,
        0.7860782020251182,
        0.7732569248632153,
        0.23251626750098925,
        0.7155711261803228,
        1.0
    ],
    "convergence_curve": [
        0.03508771929824561,
        0.03508771929824561,
        0.03508771929824561,
        0.03508771929824561,
        0.03508771929824561,
        0.03508771929824561,
        0.03508771929824561,
        0.03508771929824561,
        0.02631578947368418,
        0.02631578947368418,
        0.02631578947368418,
        0.02631578947368418,
        0.02631578947368418,
        0.02631578947368418,
        0.02631578947368418
    ],
    "execution_time": 1.003072738647461,
    "parameters": {
        "population_size": 10,
        "max_iterations": 15,
        "lower_bound": [
            0.0,
            0.0,
            0.0,
            0.0,
            0.0,
            0.0,
            0.0,
            0.0,
            0.0,
            0.0,
            0.0,
            0.0,
            0.0,
            0.0,
            0.0,
            0.0,
            0.0,
            0.0,
            0.0,
            0.0,
            0.0,
            0.0,
            0.0,
            0.0,
            0.0,
            0.0,
            0.0,
            0.0,
            0.0,
            0.0
        ],
        "upper_bound": [
            1.0,
            1.0,
            1.0,
            1.0,
            1.0,
            1.0,
            1.0,
            1.0,
            1.0,
            1.0,
            1.0,
            1.0,
            1.0,
            1.0,
            1.0,
            1.0,
            1.0,
            1.0,
            1.0,
            1.0,
            1.0,
            1.0,
            1.0,
            1.0,
            1.0,
            1.0,
            1.0,
            1.0,
            1.0,
            1.0
        ],
        "dimensions": 30,
        "verbose": false
    },
    "problem_type": "feature_selection",
    "timestamp": "2025-09-14T02:17:52.700112",
    "n_selected_features": 16,
    "selected_feature_indices": [
        1,
        3,
        4,
        8,
        10,
        11,
        13,
        15,
        19,
        20,
        22,
        24,
        25,
        26,
        28,
        29
    ]
}