{
    "algorithm_name": "PSO",
    "best_fitness": 0.01754385964912286,
    "best_solution": [
        0.0,
        0.24668246406968303,
        0.0,
        1.0,
        1.0,
        0.0,
        0.664704355740016,
        1.0,
        0.18415981561597758,
        0.0,
        0.19470663842702832,
        0.0,
        0.4190711151286814,
        0.4530579147497275,
        0.35184315821918755,
        0.26484022058195544,
        0.5573258124409654,
        0.8519247907280062,
        0.99319569737764,
        0.0,
        1.0,
        0.0,
        0.6327052074688371,
        0.0,
        0.524102488523063,
        0.0,
        0.6648335721400855,
        0.0,
        0.7777876335235782,
        0.0
    ],
    "convergence_curve": [
        0.02631578947368418,
        0.02631578947368418,
        0.02631578947368418,
        0.02631578947368418,
        0.02631578947368418,
        0.01754385964912286,
        0.01754385964912286,
        0.01754385964912286,
        0.01754385964912286,
        0.01754385964912286
    ],
    "execution_time": 0.5641324520111084,
    "parameters": {
        "population_size": 10,
        "max_iterations": 10,
        "lower_bound": [
            0.0,
            0.0,
            0.0,
            0.0,
            0.0,
            0.0,
            0.0,
            0.0,
            0.0,
            0.0,
            0.0,
            0.0,
            0.0,
            0.0,
            0.0,
            0.0,
            0.0,
            0.0,
            0.0,
            0.0,
            0.0,
            0.0,
            0.0,
            0.0,
            0.0,
            0.0,
            0.0,
            0.0,
            0.0,
            0.0
        ],
        "upper_bound": [
            1.0,
            1.0,
            1.0,
            1.0,
            1.0,
            1.0,
            1.0,
            1.0,
            1.0,
            1.0,
            1.0,
            1.0,
            1.0,
            1.0,
            1.0,
            1.0,
            1.0,
            1.0,
            1.0,
            1.0,
            1.0,
            1.0,
            1.0,
            1.0,
            1.0,
            1.0,
            1.0,
            1.0,
            1.0,
            1.0
        ],
        "dimensions": 30,
        "verbose": false
    },
    "problem_type": "feature_selection",
    "timestamp": "2025-09-14T02:15:16.583885",
    "n_selected_features": 12,
    "selected_feature_indices": [
        3,
        4,
        6,
        7,
        16,
        17,
        18,
        20,
        22,
        24,
        26,
        28
    ]
}