{
    "algorithm_name": "AquilaOptimizer",
    "best_fitness": 0.01754385964912286,
    "best_solution": [
        0.8147440380495247,
        0.10783137372502659,
        0.4381548500811663,
        0.8975299581756865,
        0.31215499224065285,
        0.8616006776408178,
        0.3513556723360932,
        0.44736982366483324,
        0.2458963127565868,
        0.4807497148007126,
        0.3921754577775451,
        0.2811655599587691,
        0.1043264300507728,
        0.4622605469914832,
        0.3077246257931915,
        0.2785924426754088,
        0.551772788540364,
        0.5378689720335047,
        0.24219662913847728,
        0.6776590659519215,
        0.9031247296313433,
        0.3062615403145233,
        0.5727255042445254,
        0.18188951379906249,
        0.6438326615439742,
        0.6213875860358722,
        0.23363238311966442,
        0.7310671976607546,
        0.576956786248623,
        0.34280100243244294
    ],
    "convergence_curve": [
        0.03508771929824561,
        0.03508771929824561,
        0.02631578947368418,
        0.02631578947368418,
        0.02631578947368418,
        0.02631578947368418,
        0.02631578947368418,
        0.02631578947368418,
        0.01754385964912286,
        0.01754385964912286,
        0.01754385964912286,
        0.01754385964912286,
        0.01754385964912286,
        0.01754385964912286,
        0.01754385964912286,
        0.01754385964912286,
        0.01754385964912286,
        0.01754385964912286,
        0.01754385964912286,
        0.01754385964912286,
        0.01754385964912286,
        0.01754385964912286,
        0.01754385964912286,
        0.01754385964912286,
        0.01754385964912286,
        0.01754385964912286,
        0.01754385964912286,
        0.01754385964912286,
        0.01754385964912286,
        0.01754385964912286
    ],
    "execution_time": 3.5991687774658203,
    "parameters": {
        "population_size": 20,
        "max_iterations": 30,
        "lower_bound": [
            0.0,
            0.0,
            0.0,
            0.0,
            0.0,
            0.0,
            0.0,
            0.0,
            0.0,
            0.0,
            0.0,
            0.0,
            0.0,
            0.0,
            0.0,
            0.0,
            0.0,
            0.0,
            0.0,
            0.0,
            0.0,
            0.0,
            0.0,
            0.0,
            0.0,
            0.0,
            0.0,
            0.0,
            0.0,
            0.0
        ],
        "upper_bound": [
            1.0,
            1.0,
            1.0,
            1.0,
            1.0,
            1.0,
            1.0,
            1.0,
            1.0,
            1.0,
            1.0,
            1.0,
            1.0,
            1.0,
            1.0,
            1.0,
            1.0,
            1.0,
            1.0,
            1.0,
            1.0,
            1.0,
            1.0,
            1.0,
            1.0,
            1.0,
            1.0,
            1.0,
            1.0,
            1.0
        ],
        "dimensions": 30,
        "verbose": false
    },
    "problem_type": "feature_selection",
    "timestamp": "2025-09-14T14:49:44.370041",
    "n_selected_features": 12,
    "selected_feature_indices": [
        0,
        3,
        5,
        16,
        17,
        19,
        20,
        22,
        24,
        25,
        27,
        28
    ]
}