{
    "algorithm_name": "PSO",
    "best_fitness": 0.01754385964912286,
    "best_solution": [
        0.6563026724041723,
        0.34918561190259145,
        0.4624799395620573,
        1.0,
        0.8667976982112175,
        0.0,
        1.0,
        0.8062704790228858,
        0.990517051671232,
        1.0,
        0.0,
        0.3255615127591327,
        1.0,
        0.0,
        1.0,
        0.3386751367295976,
        0.20664832480941686,
        1.0,
        0.0,
        1.0,
        0.7204823807342109,
        0.3171467007826312,
        0.9142458024831794,
        0.0,
        0.09483928067140684,
        0.22717692392418287,
        1.0,
        0.8463013920060195,
        0.0,
        0.40845509176214906
    ],
    "convergence_curve": [
        0.01754385964912286,
        0.01754385964912286,
        0.01754385964912286,
        0.01754385964912286,
        0.01754385964912286,
        0.01754385964912286,
        0.01754385964912286,
        0.01754385964912286,
        0.01754385964912286,
        0.01754385964912286,
        0.01754385964912286,
        0.01754385964912286,
        0.01754385964912286,
        0.01754385964912286,
        0.01754385964912286,
        0.01754385964912286,
        0.01754385964912286,
        0.01754385964912286,
        0.01754385964912286,
        0.01754385964912286,
        0.01754385964912286,
        0.01754385964912286,
        0.01754385964912286,
        0.01754385964912286,
        0.01754385964912286
    ],
    "execution_time": 3.952019214630127,
    "parameters": {
        "population_size": 20,
        "max_iterations": 25,
        "lower_bound": [
            0.0,
            0.0,
            0.0,
            0.0,
            0.0,
            0.0,
            0.0,
            0.0,
            0.0,
            0.0,
            0.0,
            0.0,
            0.0,
            0.0,
            0.0,
            0.0,
            0.0,
            0.0,
            0.0,
            0.0,
            0.0,
            0.0,
            0.0,
            0.0,
            0.0,
            0.0,
            0.0,
            0.0,
            0.0,
            0.0
        ],
        "upper_bound": [
            1.0,
            1.0,
            1.0,
            1.0,
            1.0,
            1.0,
            1.0,
            1.0,
            1.0,
            1.0,
            1.0,
            1.0,
            1.0,
            1.0,
            1.0,
            1.0,
            1.0,
            1.0,
            1.0,
            1.0,
            1.0,
            1.0,
            1.0,
            1.0,
            1.0,
            1.0,
            1.0,
            1.0,
            1.0,
            1.0
        ],
        "dimensions": 30,
        "verbose": false
    },
    "problem_type": "feature_selection",
    "timestamp": "2025-09-14T14:52:35.703729",
    "n_selected_features": 15,
    "selected_feature_indices": [
        0,
        3,
        4,
        6,
        7,
        8,
        9,
        12,
        14,
        17,
        19,
        20,
        22,
        26,
        27
    ]
}