{
    "algorithm_name": "PSO",
    "best_fitness": 0.01754385964912286,
    "best_solution": [
        0.9288097183528135,
        0.18953470943703732,
        0.39864572902454504,
        0.7233704493813758,
        0.0,
        1.0,
        0.7551234344355292,
        1.0,
        0.8517207228992434,
        0.5766791294028277,
        1.0,
        0.0,
        0.0,
        0.3776476823838338,
        0.6943943899374283,
        0.1752863120276792,
        0.47978635223578825,
        1.0,
        0.8234606111582977,
        0.0,
        1.0,
        0.3666147841189473,
        0.5511608614736312,
        0.0,
        0.08348867200685423,
        1.0,
        0.8098517024275997,
        0.0,
        0.9583485107599417,
        1.0
    ],
    "convergence_curve": [
        0.03508771929824561,
        0.01754385964912286,
        0.01754385964912286,
        0.01754385964912286,
        0.01754385964912286,
        0.01754385964912286,
        0.01754385964912286,
        0.01754385964912286,
        0.01754385964912286,
        0.01754385964912286,
        0.01754385964912286,
        0.01754385964912286,
        0.01754385964912286,
        0.01754385964912286,
        0.01754385964912286,
        0.01754385964912286,
        0.01754385964912286,
        0.01754385964912286,
        0.01754385964912286,
        0.01754385964912286,
        0.01754385964912286,
        0.01754385964912286,
        0.01754385964912286,
        0.01754385964912286,
        0.01754385964912286
    ],
    "execution_time": 5.419204473495483,
    "parameters": {
        "population_size": 15,
        "max_iterations": 25,
        "lower_bound": [
            0.0,
            0.0,
            0.0,
            0.0,
            0.0,
            0.0,
            0.0,
            0.0,
            0.0,
            0.0,
            0.0,
            0.0,
            0.0,
            0.0,
            0.0,
            0.0,
            0.0,
            0.0,
            0.0,
            0.0,
            0.0,
            0.0,
            0.0,
            0.0,
            0.0,
            0.0,
            0.0,
            0.0,
            0.0,
            0.0
        ],
        "upper_bound": [
            1.0,
            1.0,
            1.0,
            1.0,
            1.0,
            1.0,
            1.0,
            1.0,
            1.0,
            1.0,
            1.0,
            1.0,
            1.0,
            1.0,
            1.0,
            1.0,
            1.0,
            1.0,
            1.0,
            1.0,
            1.0,
            1.0,
            1.0,
            1.0,
            1.0,
            1.0,
            1.0,
            1.0,
            1.0,
            1.0
        ],
        "dimensions": 30,
        "verbose": false
    },
    "problem_type": "feature_selection",
    "timestamp": "2025-09-14T02:17:46.225952",
    "n_selected_features": 17,
    "selected_feature_indices": [
        0,
        3,
        5,
        6,
        7,
        8,
        9,
        10,
        14,
        17,
        18,
        20,
        22,
        25,
        26,
        28,
        29
    ]
}