{
    "algorithm_name": "PSO",
    "best_fitness": 0.02631578947368418,
    "best_solution": [
        1.0,
        0.3602113509833558,
        0.7395054090272504,
        1.0,
        0.0,
        0.265273043381859,
        0.8915216130745307,
        1.0,
        0.0,
        1.0,
        0.2949052497142115,
        0.9277400515829693,
        0.3732266576468822,
        0.9955034025509446,
        0.8893910251651111,
        0.0,
        1.0,
        1.0,
        0.0,
        0.9502327457948386,
        0.05196174226661121,
        0.0,
        1.0,
        0.0,
        1.0,
        0.686167124594628,
        0.0,
        0.8843300125900582,
        1.0,
        0.9754307507032974
    ],
    "convergence_curve": [
        0.02631578947368418,
        0.02631578947368418,
        0.02631578947368418,
        0.02631578947368418,
        0.02631578947368418,
        0.02631578947368418,
        0.02631578947368418,
        0.02631578947368418,
        0.02631578947368418,
        0.02631578947368418,
        0.02631578947368418,
        0.02631578947368418,
        0.02631578947368418,
        0.02631578947368418,
        0.02631578947368418,
        0.02631578947368418,
        0.02631578947368418,
        0.02631578947368418,
        0.02631578947368418,
        0.02631578947368418,
        0.02631578947368418,
        0.02631578947368418,
        0.02631578947368418,
        0.02631578947368418,
        0.02631578947368418,
        0.02631578947368418,
        0.02631578947368418,
        0.02631578947368418,
        0.02631578947368418,
        0.02631578947368418
    ],
    "execution_time": 4.479477643966675,
    "parameters": {
        "population_size": 15,
        "max_iterations": 30,
        "lower_bound": [
            0.0,
            0.0,
            0.0,
            0.0,
            0.0,
            0.0,
            0.0,
            0.0,
            0.0,
            0.0,
            0.0,
            0.0,
            0.0,
            0.0,
            0.0,
            0.0,
            0.0,
            0.0,
            0.0,
            0.0,
            0.0,
            0.0,
            0.0,
            0.0,
            0.0,
            0.0,
            0.0,
            0.0,
            0.0,
            0.0
        ],
        "upper_bound": [
            1.0,
            1.0,
            1.0,
            1.0,
            1.0,
            1.0,
            1.0,
            1.0,
            1.0,
            1.0,
            1.0,
            1.0,
            1.0,
            1.0,
            1.0,
            1.0,
            1.0,
            1.0,
            1.0,
            1.0,
            1.0,
            1.0,
            1.0,
            1.0,
            1.0,
            1.0,
            1.0,
            1.0,
            1.0,
            1.0
        ],
        "dimensions": 30,
        "verbose": false
    },
    "problem_type": "feature_selection",
    "timestamp": "2025-09-14T02:07:02.695685",
    "n_selected_features": 18,
    "selected_feature_indices": [
        0,
        2,
        3,
        6,
        7,
        9,
        11,
        13,
        14,
        16,
        17,
        19,
        22,
        24,
        25,
        27,
        28,
        29
    ]
}