{
    "algorithm_name": "SineCosinAlgorithm",
    "best_fitness": 0.25,
    "best_solution": [
        0.7670816344352266,
        0.08915493853251066,
        0.6041984229262117,
        0.1702666618774752,
        0.9798222381986563,
        0.2765659725652213,
        0.9732450908255861,
        0.556796178209446
    ],
    "convergence_curve": [
        0.25,
        0.25,
        0.25,
        0.25,
        0.25,
        0.25,
        0.25,
        0.25,
        0.25,
        0.25,
        0.25,
        0.25,
        0.25,
        0.25,
        0.25,
        0.25,
        0.25,
        0.25,
        0.25,
        0.25
    ],
    "execution_time": 1.6223607063293457,
    "parameters": {
        "population_size": 30,
        "max_iterations": 20,
        "lower_bound": [
            0.0,
            0.0,
            0.0,
            0.0,
            0.0,
            0.0,
            0.0,
            0.0
        ],
        "upper_bound": [
            1.0,
            1.0,
            1.0,
            1.0,
            1.0,
            1.0,
            1.0,
            1.0
        ],
        "dimensions": 8,
        "verbose": true
    },
    "problem_type": "feature_selection",
    "timestamp": "2025-09-14T01:34:49.911796",
    "n_selected_features": 5,
    "selected_feature_indices": [
        0,
        2,
        4,
        6,
        7
    ]
}