{
    "algorithm_name": "PSO",
    "best_fitness": 0.0,
    "best_solution": [
        0.10221426556627,
        0.2988817248039193,
        0.9045952527064302,
        0.5048374427155646
    ],
    "convergence_curve": [
        0.0,
        0.0,
        0.0,
        0.0,
        0.0,
        0.0,
        0.0,
        0.0,
        0.0,
        0.0
    ],
    "execution_time": 0.2582542896270752,
    "parameters": {
        "population_size": 10,
        "max_iterations": 10,
        "lower_bound": [
            0.0,
            0.0,
            0.0,
            0.0
        ],
        "upper_bound": [
            1.0,
            1.0,
            1.0,
            1.0
        ],
        "dimensions": 4,
        "verbose": false
    },
    "problem_type": "feature_selection",
    "timestamp": "2025-09-14T02:15:17.504558",
    "n_selected_features": 2,
    "selected_feature_indices": [
        2,
        3
    ]
}