{
    "algorithm_name": "WOA",
    "best_fitness": 0.03508771929824561,
    "best_solution": [
        0.4545128412369579,
        0.8750439333570157,
        0.7771066240236578,
        0.6113381782768427,
        0.7276768430062136,
        0.10365756040628665,
        0.6352477336433454,
        0.6264765852391017,
        0.5954695997557522,
        0.4606658329814325,
        0.47479540041330937,
        0.3827954174873215,
        0.34245393716644523,
        0.464974605776838,
        0.485685345010333,
        0.19203132657982405,
        0.425759897836392,
        0.5442263750699208,
        0.6377866196627197,
        0.385665657736609,
        0.6212695123715709,
        0.28935771004259025,
        0.7902592562829254,
        0.4778501835276773,
        0.3396860349198412,
        0.11397095245085814,
        0.23111420801944407,
        0.22165474631887935,
        0.7924592721728662,
        0.7601530193293472
    ],
    "convergence_curve": [
        0.03508771929824561,
        0.03508771929824561,
        0.03508771929824561,
        0.03508771929824561,
        0.03508771929824561,
        0.03508771929824561,
        0.03508771929824561,
        0.03508771929824561,
        0.03508771929824561,
        0.03508771929824561,
        0.03508771929824561,
        0.03508771929824561,
        0.03508771929824561,
        0.03508771929824561,
        0.03508771929824561
    ],
    "execution_time": 2.760636806488037,
    "parameters": {
        "population_size": 30,
        "max_iterations": 15,
        "lower_bound": [
            0.1,
            0.1,
            0.1,
            0.1,
            0.1,
            0.1,
            0.1,
            0.1,
            0.1,
            0.1,
            0.1,
            0.1,
            0.1,
            0.1,
            0.1,
            0.1,
            0.1,
            0.1,
            0.1,
            0.1,
            0.1,
            0.1,
            0.1,
            0.1,
            0.1,
            0.1,
            0.1,
            0.1,
            0.1,
            0.1
        ],
        "upper_bound": [
            0.9,
            0.9,
            0.9,
            0.9,
            0.9,
            0.9,
            0.9,
            0.9,
            0.9,
            0.9,
            0.9,
            0.9,
            0.9,
            0.9,
            0.9,
            0.9,
            0.9,
            0.9,
            0.9,
            0.9,
            0.9,
            0.9,
            0.9,
            0.9,
            0.9,
            0.9,
            0.9,
            0.9,
            0.9,
            0.9
        ],
        "dimensions": 30,
        "verbose": false
    },
    "problem_type": "feature_selection",
    "timestamp": "2025-09-14T14:49:30.173420",
    "n_selected_features": 13,
    "selected_feature_indices": [
        1,
        2,
        3,
        4,
        6,
        7,
        8,
        17,
        18,
        20,
        22,
        28,
        29
    ]
}