{
    "algorithm_name": "PSO",
    "best_fitness": 0.0,
    "best_solution": [
        0.6333171005973026,
        1.0,
        0.6078661141828126,
        0.0,
        0.40561849170003017,
        0.0,
        0.8465077530380318,
        1.0,
        1.0,
        0.0,
        0.5921759138582515,
        0.6894877774313832,
        0.5242285213704434,
        0.0,
        1.0
    ],
    "convergence_curve": [
        0.050000000000000044,
        0.0,
        0.0,
        0.0,
        0.0,
        0.0,
        0.0,
        0.0,
        0.0,
        0.0
    ],
    "execution_time": 0.27311015129089355,
    "parameters": {
        "population_size": 10,
        "max_iterations": 10,
        "lower_bound": [
            0.0,
            0.0,
            0.0,
            0.0,
            0.0,
            0.0,
            0.0,
            0.0,
            0.0,
            0.0,
            0.0,
            0.0,
            0.0,
            0.0,
            0.0
        ],
        "upper_bound": [
            1.0,
            1.0,
            1.0,
            1.0,
            1.0,
            1.0,
            1.0,
            1.0,
            1.0,
            1.0,
            1.0,
            1.0,
            1.0,
            1.0,
            1.0
        ],
        "dimensions": 15,
        "verbose": false
    },
    "problem_type": "feature_selection",
    "timestamp": "2025-09-14T02:15:18.243706",
    "n_selected_features": 10,
    "selected_feature_indices": [
        0,
        1,
        2,
        6,
        7,
        8,
        10,
        11,
        12,
        14
    ]
}