{
    "algorithm_name": "ACO",
    "best_fitness": 0.02777777777777779,
    "best_solution": [
        1.0,
        0.27977668369188247,
        0.6680336429845543,
        0.7776592595300922,
        0.4678603235640416,
        0.030755144847394944,
        0.941421276051113,
        0.6505105649979752,
        0.7315990681637682,
        1.0,
        0.5646427454853064,
        0.8706004184298283,
        0.32822070098989464
    ],
    "convergence_curve": [
        0.05555555555555558,
        0.02777777777777779,
        0.02777777777777779,
        0.02777777777777779,
        0.02777777777777779,
        0.02777777777777779,
        0.02777777777777779,
        0.02777777777777779,
        0.02777777777777779,
        0.02777777777777779,
        0.02777777777777779,
        0.02777777777777779,
        0.02777777777777779,
        0.02777777777777779,
        0.02777777777777779,
        0.02777777777777779,
        0.02777777777777779,
        0.02777777777777779,
        0.02777777777777779,
        0.02777777777777779,
        0.02777777777777779,
        0.02777777777777779,
        0.02777777777777779,
        0.02777777777777779,
        0.02777777777777779,
        0.02777777777777779,
        0.02777777777777779,
        0.02777777777777779,
        0.02777777777777779,
        0.02777777777777779
    ],
    "execution_time": 2.459820032119751,
    "parameters": {
        "population_size": 20,
        "max_iterations": 30,
        "lower_bound": [
            0.0,
            0.0,
            0.0,
            0.0,
            0.0,
            0.0,
            0.0,
            0.0,
            0.0,
            0.0,
            0.0,
            0.0,
            0.0
        ],
        "upper_bound": [
            1.0,
            1.0,
            1.0,
            1.0,
            1.0,
            1.0,
            1.0,
            1.0,
            1.0,
            1.0,
            1.0,
            1.0,
            1.0
        ],
        "dimensions": 13,
        "verbose": false
    },
    "problem_type": "feature_selection",
    "timestamp": "2025-09-14T02:17:29.633183",
    "n_selected_features": 9,
    "selected_feature_indices": [
        0,
        2,
        3,
        6,
        7,
        8,
        9,
        10,
        11
    ]
}