{
    "algorithm_name": "PSO",
    "best_fitness": 0.02777777777777779,
    "best_solution": [
        1.0,
        1.0,
        0.7663958704173875,
        0.0,
        0.0,
        0.0,
        0.0,
        0.07082112227602977,
        1.0,
        0.770228997109739,
        0.9230095991228486,
        1.0,
        0.0
    ],
    "convergence_curve": [
        0.02777777777777779,
        0.02777777777777779,
        0.02777777777777779,
        0.02777777777777779,
        0.02777777777777779,
        0.02777777777777779,
        0.02777777777777779,
        0.02777777777777779,
        0.02777777777777779,
        0.02777777777777779,
        0.02777777777777779,
        0.02777777777777779,
        0.02777777777777779,
        0.02777777777777779,
        0.02777777777777779,
        0.02777777777777779,
        0.02777777777777779,
        0.02777777777777779,
        0.02777777777777779,
        0.02777777777777779,
        0.02777777777777779,
        0.02777777777777779,
        0.02777777777777779,
        0.02777777777777779,
        0.02777777777777779,
        0.02777777777777779,
        0.02777777777777779,
        0.02777777777777779,
        0.02777777777777779,
        0.02777777777777779
    ],
    "execution_time": 1.7711381912231445,
    "parameters": {
        "population_size": 20,
        "max_iterations": 30,
        "lower_bound": [
            0.0,
            0.0,
            0.0,
            0.0,
            0.0,
            0.0,
            0.0,
            0.0,
            0.0,
            0.0,
            0.0,
            0.0,
            0.0
        ],
        "upper_bound": [
            1.0,
            1.0,
            1.0,
            1.0,
            1.0,
            1.0,
            1.0,
            1.0,
            1.0,
            1.0,
            1.0,
            1.0,
            1.0
        ],
        "dimensions": 13,
        "verbose": false
    },
    "problem_type": "feature_selection",
    "timestamp": "2025-09-14T02:17:15.201854",
    "n_selected_features": 7,
    "selected_feature_indices": [
        0,
        1,
        2,
        8,
        9,
        10,
        11
    ]
}