{
    "algorithm_name": "DE",
    "best_fitness": 0.01754385964912286,
    "best_solution": [
        0.5531644066470158,
        0.16746858482558435,
        0.3472801572104692,
        0.7494246418236048,
        0.9277725805352892,
        0.688087115192667,
        0.6475510968874065,
        0.22396343303258529,
        0.7205248180922619,
        0.10912694559102776,
        0.21631284239733956,
        0.7294885195275073,
        0.07618056348049176,
        0.45029453822611387,
        0.5452689475340029,
        0.49374343384012925,
        0.25759626407762376,
        0.2593694162248513,
        0.27189454926056067,
        0.7477402660752107,
        0.05797730657622602,
        0.11302887680401867,
        0.7490484053411146,
        0.3826175714737143,
        0.26621706758247754,
        0.5301432517415523,
        0.43581785665051653,
        0.6564632092516569,
        0.9634129905937725,
        0.6795521177451747
    ],
    "convergence_curve": [
        0.03508771929824561,
        0.03508771929824561,
        0.03508771929824561,
        0.03508771929824561,
        0.03508771929824561,
        0.03508771929824561,
        0.02631578947368418,
        0.02631578947368418,
        0.02631578947368418,
        0.02631578947368418,
        0.02631578947368418,
        0.02631578947368418,
        0.02631578947368418,
        0.02631578947368418,
        0.02631578947368418,
        0.01754385964912286,
        0.01754385964912286,
        0.01754385964912286,
        0.01754385964912286,
        0.01754385964912286
    ],
    "execution_time": 1.9149348735809326,
    "parameters": {
        "population_size": 15,
        "max_iterations": 20,
        "lower_bound": [
            0.0,
            0.0,
            0.0,
            0.0,
            0.0,
            0.0,
            0.0,
            0.0,
            0.0,
            0.0,
            0.0,
            0.0,
            0.0,
            0.0,
            0.0,
            0.0,
            0.0,
            0.0,
            0.0,
            0.0,
            0.0,
            0.0,
            0.0,
            0.0,
            0.0,
            0.0,
            0.0,
            0.0,
            0.0,
            0.0
        ],
        "upper_bound": [
            1.0,
            1.0,
            1.0,
            1.0,
            1.0,
            1.0,
            1.0,
            1.0,
            1.0,
            1.0,
            1.0,
            1.0,
            1.0,
            1.0,
            1.0,
            1.0,
            1.0,
            1.0,
            1.0,
            1.0,
            1.0,
            1.0,
            1.0,
            1.0,
            1.0,
            1.0,
            1.0,
            1.0,
            1.0,
            1.0
        ],
        "dimensions": 30,
        "verbose": false
    },
    "problem_type": "feature_selection",
    "timestamp": "2025-09-14T02:14:45.932590",
    "n_selected_features": 14,
    "selected_feature_indices": [
        0,
        3,
        4,
        5,
        6,
        8,
        11,
        14,
        19,
        22,
        25,
        27,
        28,
        29
    ]
}