{
    "algorithm_name": "SineCosinAlgorithm",
    "best_fitness": 0.125,
    "best_solution": [
        0.11280811596823673,
        0.9326630745024507,
        1.0,
        0.31119563238850034,
        0.0,
        0.0,
        0.3793364899035006,
        0.814252805801549,
        0.17243229892540624,
        1.0,
        0.5975990477147322,
        0.0
    ],
    "convergence_curve": [
        0.25,
        0.25,
        0.125,
        0.125,
        0.125,
        0.125,
        0.125,
        0.125,
        0.125,
        0.125,
        0.125,
        0.125,
        0.125,
        0.125,
        0.125,
        0.125,
        0.125,
        0.125,
        0.125,
        0.125,
        0.125,
        0.125,
        0.125,
        0.125,
        0.125,
        0.125,
        0.125,
        0.125,
        0.125,
        0.125
    ],
    "execution_time": 1.4722647666931152,
    "parameters": {
        "population_size": 15,
        "max_iterations": 30,
        "lower_bound": [
            0.0,
            0.0,
            0.0,
            0.0,
            0.0,
            0.0,
            0.0,
            0.0,
            0.0,
            0.0,
            0.0,
            0.0
        ],
        "upper_bound": [
            1.0,
            1.0,
            1.0,
            1.0,
            1.0,
            1.0,
            1.0,
            1.0,
            1.0,
            1.0,
            1.0,
            1.0
        ],
        "dimensions": 12,
        "verbose": true
    },
    "problem_type": "feature_selection",
    "timestamp": "2025-09-11T00:32:23.442732",
    "n_selected_features": 5,
    "selected_feature_indices": [
        1,
        2,
        7,
        9,
        10
    ]
}