iteration,best_fitness
1,0.19999999999999996
2,0.19999999999999996
3,0.19999999999999996
4,0.19999999999999996
5,0.19999999999999996
6,0.19999999999999996
7,0.19999999999999996
8,0.19999999999999996
9,0.19999999999999996
10,0.19999999999999996
