{
    "algorithm_name": "GWO",
    "best_fitness": 0.09999999999999998,
    "best_solution": [
        0.4682116808555537,
        0.5443965492888009,
        0.030734484179387695,
        0.30805342655888185,
        0.5083705987911094,
        0.06550868467712233,
        0.39560912913499996,
        0.6171370222071075,
        0.5946385251274974,
        0.0,
        0.37858436147044666,
        0.8232621141356407,
        0.723070618542724,
        0.2549963411065456,
        0.7389156244222698,
        0.6509664906148404,
        0.2857528106965691,
        0.33918504184249093,
        0.9491702088671504,
        0.2436719094816381
    ],
    "convergence_curve": [
        0.15000000000000002,
        0.125,
        0.125,
        0.125,
        0.125,
        0.125,
        0.125,
        0.09999999999999998,
        0.09999999999999998,
        0.09999999999999998,
        0.09999999999999998,
        0.09999999999999998,
        0.09999999999999998,
        0.09999999999999998,
        0.09999999999999998,
        0.09999999999999998,
        0.09999999999999998,
        0.09999999999999998,
        0.09999999999999998,
        0.09999999999999998,
        0.09999999999999998,
        0.09999999999999998,
        0.09999999999999998,
        0.09999999999999998,
        0.09999999999999998,
        0.09999999999999998,
        0.09999999999999998,
        0.09999999999999998,
        0.09999999999999998,
        0.09999999999999998,
        0.09999999999999998,
        0.09999999999999998,
        0.09999999999999998,
        0.09999999999999998,
        0.09999999999999998,
        0.09999999999999998,
        0.09999999999999998,
        0.09999999999999998,
        0.09999999999999998,
        0.09999999999999998,
        0.09999999999999998,
        0.09999999999999998,
        0.09999999999999998,
        0.09999999999999998,
        0.09999999999999998,
        0.09999999999999998,
        0.09999999999999998,
        0.09999999999999998,
        0.09999999999999998,
        0.09999999999999998
    ],
    "execution_time": 8.55817723274231,
    "parameters": {
        "population_size": 25,
        "max_iterations": 50,
        "lower_bound": [
            0.0,
            0.0,
            0.0,
            0.0,
            0.0,
            0.0,
            0.0,
            0.0,
            0.0,
            0.0,
            0.0,
            0.0,
            0.0,
            0.0,
            0.0,
            0.0,
            0.0,
            0.0,
            0.0,
            0.0
        ],
        "upper_bound": [
            1.0,
            1.0,
            1.0,
            1.0,
            1.0,
            1.0,
            1.0,
            1.0,
            1.0,
            1.0,
            1.0,
            1.0,
            1.0,
            1.0,
            1.0,
            1.0,
            1.0,
            1.0,
            1.0,
            1.0
        ],
        "dimensions": 20,
        "verbose": true
    },
    "problem_type": "feature_selection",
    "timestamp": "2025-09-11T00:38:45.237458",
    "n_selected_features": 9,
    "selected_feature_indices": [
        1,
        4,
        7,
        8,
        11,
        12,
        14,
        15,
        18
    ]
}