{
    "algorithm_name": "PSO",
    "best_fitness": 0.02631578947368418,
    "best_solution": [
        0.6326946322181725,
        0.3300600626330744,
        0.09425100319108104,
        0.5071438079272429,
        0.5416572501311753,
        0.9831144817262587,
        0.5670477681507369,
        0.38311606831051415,
        0.7883217186919128,
        0.6396115774295653,
        0.6300646360752358,
        0.7362021992229927,
        0.586703336863205,
        0.833240039309562,
        0.9427681508382039,
        0.11420616325698696,
        0.6285275052141146,
        0.10251227871930968,
        0.48692189546377496,
        0.19169575423188479,
        0.5115112438626372,
        0.4588739047287289,
        0.6387910961532945,
        0.22309157224478027,
        0.6305535155583823,
        0.7293460277277858,
        0.6209925591476181,
        0.17140302335374613,
        0.5649441273558298,
        0.33618856413805764
    ],
    "convergence_curve": [
        0.02631578947368418,
        0.02631578947368418,
        0.02631578947368418,
        0.02631578947368418,
        0.02631578947368418,
        0.02631578947368418,
        0.02631578947368418,
        0.02631578947368418,
        0.02631578947368418,
        0.02631578947368418,
        0.02631578947368418,
        0.02631578947368418,
        0.02631578947368418,
        0.02631578947368418,
        0.02631578947368418,
        0.02631578947368418,
        0.02631578947368418,
        0.02631578947368418,
        0.02631578947368418,
        0.02631578947368418
    ],
    "execution_time": 2.3296477794647217,
    "parameters": {
        "population_size": 15,
        "max_iterations": 20,
        "lower_bound": [
            0.0,
            0.0,
            0.0,
            0.0,
            0.0,
            0.0,
            0.0,
            0.0,
            0.0,
            0.0,
            0.0,
            0.0,
            0.0,
            0.0,
            0.0,
            0.0,
            0.0,
            0.0,
            0.0,
            0.0,
            0.0,
            0.0,
            0.0,
            0.0,
            0.0,
            0.0,
            0.0,
            0.0,
            0.0,
            0.0
        ],
        "upper_bound": [
            1.0,
            1.0,
            1.0,
            1.0,
            1.0,
            1.0,
            1.0,
            1.0,
            1.0,
            1.0,
            1.0,
            1.0,
            1.0,
            1.0,
            1.0,
            1.0,
            1.0,
            1.0,
            1.0,
            1.0,
            1.0,
            1.0,
            1.0,
            1.0,
            1.0,
            1.0,
            1.0,
            1.0,
            1.0,
            1.0
        ],
        "dimensions": 30,
        "verbose": false
    },
    "problem_type": "feature_selection",
    "timestamp": "2025-09-14T02:14:39.392410",
    "n_selected_features": 19,
    "selected_feature_indices": [
        0,
        3,
        4,
        5,
        6,
        8,
        9,
        10,
        11,
        12,
        13,
        14,
        16,
        20,
        22,
        24,
        25,
        26,
        28
    ]
}