{
    "algorithm_name": "SineCosinAlgorithm",
    "best_fitness": 0.0,
    "best_solution": [
        0.822354154738505,
        0.6959064190111831,
        0.33686412066851956,
        0.040604543057954245,
        0.6129330517408955,
        0.3784829044179483,
        0.4088159818931665,
        0.6573372793079573,
        0.42408090664175957,
        0.9575317768900052
    ],
    "convergence_curve": [
        0.0,
        0.0,
        0.0,
        0.0,
        0.0,
        0.0,
        0.0,
        0.0,
        0.0,
        0.0,
        0.0,
        0.0,
        0.0,
        0.0,
        0.0
    ],
    "execution_time": 0.3857307434082031,
    "parameters": {
        "population_size": 10,
        "max_iterations": 15,
        "lower_bound": [
            0.0,
            0.0,
            0.0,
            0.0,
            0.0,
            0.0,
            0.0,
            0.0,
            0.0,
            0.0
        ],
        "upper_bound": [
            1.0,
            1.0,
            1.0,
            1.0,
            1.0,
            1.0,
            1.0,
            1.0,
            1.0,
            1.0
        ],
        "dimensions": 10,
        "verbose": true
    },
    "problem_type": "feature_selection",
    "timestamp": "2025-09-14T02:13:43.674354",
    "n_selected_features": 5,
    "selected_feature_indices": [
        0,
        1,
        4,
        7,
        9
    ]
}