{
    "algorithm_name": "BA",
    "best_fitness": 0.01754385964912286,
    "best_solution": [
        0.5547828620698633,
        0.8443583412533775,
        0.6239932230879344,
        0.2513461860329165,
        0.622511308839332,
        0.3752532637753301,
        0.7685730817177839,
        0.2579152473260228,
        0.1894139386287481,
        0.28512521660017554,
        0.6360772554360086,
        0.8167589082494386,
        0.7616591542076894,
        0.061858614115262056,
        0.9388728518457814,
        0.6144644160828332,
        0.4976524719536133,
        0.4398315940220281,
        0.08279536537753185,
        0.31514293721142206,
        0.5482218176812094,
        0.08983347020010324,
        0.48784599812777163,
        0.019484641332700336,
        0.4605693502811864,
        0.6893288577007958,
        0.6999809973493035,
        0.9797535646266794,
        0.48273225271980535,
        0.8763374087978036
    ],
    "convergence_curve": [
        0.01754385964912286,
        0.01754385964912286,
        0.01754385964912286,
        0.01754385964912286,
        0.01754385964912286,
        0.01754385964912286,
        0.01754385964912286,
        0.01754385964912286,
        0.01754385964912286,
        0.01754385964912286,
        0.01754385964912286,
        0.01754385964912286,
        0.01754385964912286,
        0.01754385964912286,
        0.01754385964912286,
        0.01754385964912286,
        0.01754385964912286,
        0.01754385964912286,
        0.01754385964912286,
        0.01754385964912286
    ],
    "execution_time": 1.2059962749481201,
    "parameters": {
        "population_size": 15,
        "max_iterations": 20,
        "lower_bound": [
            0.0,
            0.0,
            0.0,
            0.0,
            0.0,
            0.0,
            0.0,
            0.0,
            0.0,
            0.0,
            0.0,
            0.0,
            0.0,
            0.0,
            0.0,
            0.0,
            0.0,
            0.0,
            0.0,
            0.0,
            0.0,
            0.0,
            0.0,
            0.0,
            0.0,
            0.0,
            0.0,
            0.0,
            0.0,
            0.0
        ],
        "upper_bound": [
            1.0,
            1.0,
            1.0,
            1.0,
            1.0,
            1.0,
            1.0,
            1.0,
            1.0,
            1.0,
            1.0,
            1.0,
            1.0,
            1.0,
            1.0,
            1.0,
            1.0,
            1.0,
            1.0,
            1.0,
            1.0,
            1.0,
            1.0,
            1.0,
            1.0,
            1.0,
            1.0,
            1.0,
            1.0,
            1.0
        ],
        "dimensions": 30,
        "verbose": false
    },
    "problem_type": "feature_selection",
    "timestamp": "2025-09-14T02:13:27.706798",
    "n_selected_features": 15,
    "selected_feature_indices": [
        0,
        1,
        2,
        4,
        6,
        10,
        11,
        12,
        14,
        15,
        20,
        25,
        26,
        27,
        29
    ]
}