{
    "algorithm_name": "SineCosinAlgorithm",
    "best_fitness": 0.0,
    "best_solution": [
        0.11811451281210139,
        0.7960572158009804,
        0.2872788712210751,
        0.022572969880245708,
        0.14463171433670974
    ],
    "convergence_curve": [
        0.0,
        0.0,
        0.0,
        0.0,
        0.0,
        0.0,
        0.0,
        0.0,
        0.0,
        0.0,
        0.0,
        0.0,
        0.0,
        0.0,
        0.0,
        0.0,
        0.0,
        0.0,
        0.0,
        0.0
    ],
    "execution_time": 0.708050012588501,
    "parameters": {
        "population_size": 15,
        "max_iterations": 20,
        "lower_bound": [
            0.0,
            0.0,
            0.0,
            0.0,
            0.0
        ],
        "upper_bound": [
            1.0,
            1.0,
            1.0,
            1.0,
            1.0
        ],
        "dimensions": 5,
        "verbose": true
    },
    "problem_type": "feature_selection",
    "timestamp": "2025-09-14T01:44:11.026414",
    "n_selected_features": 1,
    "selected_feature_indices": [
        1
    ]
}