{
    "algorithm_name": "AquilaOptimizer",
    "best_fitness": 0.25,
    "best_solution": [
        0.7488780434202186,
        0.38219942311581245,
        0.9625243543663895,
        0.19850700938204172,
        0.7161784525209721,
        0.1719966132795374,
        0.5000482772342598,
        0.6082314614227438
    ],
    "convergence_curve": [
        0.44999999999999996,
        0.25,
        0.25,
        0.25,
        0.25,
        0.25,
        0.25,
        0.25,
        0.25,
        0.25,
        0.25,
        0.25,
        0.25,
        0.25,
        0.25,
        0.25,
        0.25,
        0.25,
        0.25,
        0.25,
        0.25,
        0.25,
        0.25,
        0.25,
        0.25,
        0.25,
        0.25,
        0.25,
        0.25,
        0.25
    ],
    "execution_time": 1.9339592456817627,
    "parameters": {
        "population_size": 30,
        "max_iterations": 30,
        "lower_bound": [
            0.0,
            0.0,
            0.0,
            0.0,
            0.0,
            0.0,
            0.0,
            0.0
        ],
        "upper_bound": [
            1.0,
            1.0,
            1.0,
            1.0,
            1.0,
            1.0,
            1.0,
            1.0
        ],
        "dimensions": 8,
        "verbose": true
    },
    "problem_type": "feature_selection",
    "timestamp": "2025-09-14T01:34:43.580694",
    "n_selected_features": 5,
    "selected_feature_indices": [
        0,
        2,
        4,
        6,
        7
    ]
}