{
    "algorithm_name": "AquilaOptimizer",
    "best_fitness": 0.02777777777777779,
    "best_solution": [
        0.7361818066682577,
        0.5438919816261756,
        0.7178005213785754,
        0.9085851752399066,
        0.3652061263723087,
        0.591303642567356,
        0.7868798477048365,
        0.1216100087054411,
        0.5121352021567175,
        0.5135489662865047,
        0.38288181377256786,
        0.8719420110286141,
        0.4405872041886142
    ],
    "convergence_curve": [
        0.05555555555555558,
        0.05555555555555558,
        0.05555555555555558,
        0.05555555555555558,
        0.05555555555555558,
        0.05555555555555558,
        0.05555555555555558,
        0.05555555555555558,
        0.02777777777777779,
        0.02777777777777779,
        0.02777777777777779,
        0.02777777777777779,
        0.02777777777777779,
        0.02777777777777779,
        0.02777777777777779,
        0.02777777777777779,
        0.02777777777777779,
        0.02777777777777779,
        0.02777777777777779,
        0.02777777777777779
    ],
    "execution_time": 0.7131597995758057,
    "parameters": {
        "population_size": 15,
        "max_iterations": 20,
        "lower_bound": [
            0.0,
            0.0,
            0.0,
            0.0,
            0.0,
            0.0,
            0.0,
            0.0,
            0.0,
            0.0,
            0.0,
            0.0,
            0.0
        ],
        "upper_bound": [
            1.0,
            1.0,
            1.0,
            1.0,
            1.0,
            1.0,
            1.0,
            1.0,
            1.0,
            1.0,
            1.0,
            1.0,
            1.0
        ],
        "dimensions": 13,
        "verbose": false
    },
    "problem_type": "feature_selection",
    "timestamp": "2025-09-14T14:52:47.221258",
    "n_selected_features": 9,
    "selected_feature_indices": [
        0,
        1,
        2,
        3,
        5,
        6,
        8,
        9,
        11
    ]
}