{
    "algorithm_name": "GWO",
    "best_fitness": 0.02631578947368418,
    "best_solution": [
        0.606067921448,
        1.0,
        0.0,
        0.45001535228284234,
        0.5518827516220436,
        0.23661311852804426,
        0.9478914533431473,
        0.8560316886524006,
        0.340244997820891,
        0.20070515284131485,
        0.7801797579340723,
        0.561807807236319,
        0.14272546161603042,
        0.5007175568788192,
        0.8480243070016541,
        0.7273770710572021,
        0.8780415484317494,
        0.1574887376857772,
        0.14225866591421524,
        0.6908237768390459,
        0.6845145394403157,
        0.3244164346335935,
        0.4653749716004392,
        0.14311892475788054,
        0.39754172230429496,
        0.27012731854657396,
        0.2942655238476371,
        0.0,
        0.12362992543397149,
        0.7752940526177237
    ],
    "convergence_curve": [
        0.03508771929824561,
        0.03508771929824561,
        0.03508771929824561,
        0.03508771929824561,
        0.03508771929824561,
        0.02631578947368418,
        0.02631578947368418,
        0.02631578947368418,
        0.02631578947368418,
        0.02631578947368418,
        0.02631578947368418,
        0.02631578947368418,
        0.02631578947368418,
        0.02631578947368418,
        0.02631578947368418,
        0.02631578947368418,
        0.02631578947368418,
        0.02631578947368418,
        0.02631578947368418,
        0.02631578947368418
    ],
    "execution_time": 1.649059772491455,
    "parameters": {
        "population_size": 15,
        "max_iterations": 20,
        "lower_bound": [
            0.0,
            0.0,
            0.0,
            0.0,
            0.0,
            0.0,
            0.0,
            0.0,
            0.0,
            0.0,
            0.0,
            0.0,
            0.0,
            0.0,
            0.0,
            0.0,
            0.0,
            0.0,
            0.0,
            0.0,
            0.0,
            0.0,
            0.0,
            0.0,
            0.0,
            0.0,
            0.0,
            0.0,
            0.0,
            0.0
        ],
        "upper_bound": [
            1.0,
            1.0,
            1.0,
            1.0,
            1.0,
            1.0,
            1.0,
            1.0,
            1.0,
            1.0,
            1.0,
            1.0,
            1.0,
            1.0,
            1.0,
            1.0,
            1.0,
            1.0,
            1.0,
            1.0,
            1.0,
            1.0,
            1.0,
            1.0,
            1.0,
            1.0,
            1.0,
            1.0,
            1.0,
            1.0
        ],
        "dimensions": 30,
        "verbose": false
    },
    "problem_type": "feature_selection",
    "timestamp": "2025-09-14T02:14:42.172178",
    "n_selected_features": 14,
    "selected_feature_indices": [
        0,
        1,
        4,
        6,
        7,
        10,
        11,
        13,
        14,
        15,
        16,
        19,
        20,
        29
    ]
}