{
    "algorithm_name": "GA",
    "best_fitness": 0.0,
    "best_solution": [
        0.5328468334343949,
        0.7351571990297383,
        0.45747366947411083,
        0.4292598134303508,
        0.14023234006971308,
        0.011789544225337845,
        0.816523724503508,
        0.4018665413716903,
        0.2938826896350273,
        0.5868341126544098
    ],
    "convergence_curve": [
        0.0,
        0.0,
        0.0,
        0.0,
        0.0
    ],
    "execution_time": 0.16312122344970703,
    "parameters": {
        "population_size": 10,
        "max_iterations": 5,
        "lower_bound": [
            0.0,
            0.0,
            0.0,
            0.0,
            0.0,
            0.0,
            0.0,
            0.0,
            0.0,
            0.0
        ],
        "upper_bound": [
            1.0,
            1.0,
            1.0,
            1.0,
            1.0,
            1.0,
            1.0,
            1.0,
            1.0,
            1.0
        ],
        "dimensions": 10,
        "verbose": false
    },
    "problem_type": "feature_selection",
    "timestamp": "2025-09-14T02:17:01.181079",
    "n_selected_features": 4,
    "selected_feature_indices": [
        0,
        1,
        6,
        9
    ]
}