{
    "algorithm_name": "SineCosinAlgorithm",
    "best_fitness": 0.02631578947368418,
    "best_solution": [
        0.0,
        0.0,
        0.0,
        0.9083735470628083,
        0.0,
        1.0,
        0.9865649507908301,
        0.0,
        0.0,
        0.8607587744236062,
        0.05003455304880146,
        1.0,
        0.9039129646798978,
        1.0,
        0.3985084574031362,
        0.9471836367245405,
        0.0003723082330677549,
        0.0,
        0.44245333328415126,
        0.0,
        0.06650226009046194,
        0.0,
        1.0,
        0.0,
        1.0,
        0.0,
        0.9662076275890678,
        0.0,
        0.6859391138997354,
        0.5251172676752636
    ],
    "convergence_curve": [
        0.03508771929824561,
        0.03508771929824561,
        0.03508771929824561,
        0.02631578947368418,
        0.02631578947368418,
        0.02631578947368418,
        0.02631578947368418,
        0.02631578947368418,
        0.02631578947368418,
        0.02631578947368418
    ],
    "execution_time": 0.5122036933898926,
    "parameters": {
        "population_size": 10,
        "max_iterations": 10,
        "lower_bound": [
            0.0,
            0.0,
            0.0,
            0.0,
            0.0,
            0.0,
            0.0,
            0.0,
            0.0,
            0.0,
            0.0,
            0.0,
            0.0,
            0.0,
            0.0,
            0.0,
            0.0,
            0.0,
            0.0,
            0.0,
            0.0,
            0.0,
            0.0,
            0.0,
            0.0,
            0.0,
            0.0,
            0.0,
            0.0,
            0.0
        ],
        "upper_bound": [
            1.0,
            1.0,
            1.0,
            1.0,
            1.0,
            1.0,
            1.0,
            1.0,
            1.0,
            1.0,
            1.0,
            1.0,
            1.0,
            1.0,
            1.0,
            1.0,
            1.0,
            1.0,
            1.0,
            1.0,
            1.0,
            1.0,
            1.0,
            1.0,
            1.0,
            1.0,
            1.0,
            1.0,
            1.0,
            1.0
        ],
        "dimensions": 30,
        "verbose": false
    },
    "problem_type": "feature_selection",
    "timestamp": "2025-09-14T02:13:53.397984",
    "n_selected_features": 13,
    "selected_feature_indices": [
        3,
        5,
        6,
        9,
        11,
        12,
        13,
        15,
        22,
        24,
        26,
        28,
        29
    ]
}