{
    "algorithm_name": "AquilaOptimizer",
    "best_fitness": 0.0,
    "best_solution": [
        0.476948888781314,
        1.0,
        0.44247754774293824,
        1.0,
        0.7458263907794386,
        1.0,
        0.7758452398859956,
        0.2854603774708533,
        0.7779821809572448,
        0.31920504505054076
    ],
    "convergence_curve": [
        0.0,
        0.0,
        0.0,
        0.0,
        0.0,
        0.0,
        0.0,
        0.0,
        0.0,
        0.0,
        0.0,
        0.0,
        0.0,
        0.0,
        0.0
    ],
    "execution_time": 0.3286585807800293,
    "parameters": {
        "population_size": 10,
        "max_iterations": 15,
        "lower_bound": [
            0.0,
            0.0,
            0.0,
            0.0,
            0.0,
            0.0,
            0.0,
            0.0,
            0.0,
            0.0
        ],
        "upper_bound": [
            1.0,
            1.0,
            1.0,
            1.0,
            1.0,
            1.0,
            1.0,
            1.0,
            1.0,
            1.0
        ],
        "dimensions": 10,
        "verbose": true
    },
    "problem_type": "feature_selection",
    "timestamp": "2025-09-14T02:13:43.285660",
    "n_selected_features": 6,
    "selected_feature_indices": [
        1,
        3,
        4,
        5,
        6,
        8
    ]
}