{
    "algorithm_name": "PSO",
    "best_fitness": 0.07499999999999996,
    "best_solution": [
        0.39960229925327084,
        0.298310529010523,
        0.0,
        0.42061161199720626,
        0.5482437041057452,
        0.9848772267931499,
        0.08513247926767051,
        0.5838370175344327,
        0.08222358740417637,
        0.0,
        1.0,
        1.0,
        0.5508596640047076,
        0.36863201184294814,
        1.0,
        0.3297475164010297,
        0.049699937511821446,
        0.4137532839979343,
        1.0,
        0.6316125365567165
    ],
    "convergence_curve": [
        0.125,
        0.09999999999999998,
        0.09999999999999998,
        0.09999999999999998,
        0.09999999999999998,
        0.07499999999999996,
        0.07499999999999996,
        0.07499999999999996,
        0.07499999999999996,
        0.07499999999999996,
        0.07499999999999996,
        0.07499999999999996,
        0.07499999999999996,
        0.07499999999999996,
        0.07499999999999996,
        0.07499999999999996,
        0.07499999999999996,
        0.07499999999999996,
        0.07499999999999996,
        0.07499999999999996,
        0.07499999999999996,
        0.07499999999999996,
        0.07499999999999996,
        0.07499999999999996,
        0.07499999999999996,
        0.07499999999999996,
        0.07499999999999996,
        0.07499999999999996,
        0.07499999999999996,
        0.07499999999999996,
        0.07499999999999996,
        0.07499999999999996,
        0.07499999999999996,
        0.07499999999999996,
        0.07499999999999996,
        0.07499999999999996,
        0.07499999999999996,
        0.07499999999999996,
        0.07499999999999996,
        0.07499999999999996,
        0.07499999999999996,
        0.07499999999999996,
        0.07499999999999996,
        0.07499999999999996,
        0.07499999999999996,
        0.07499999999999996,
        0.07499999999999996,
        0.07499999999999996,
        0.07499999999999996,
        0.07499999999999996
    ],
    "execution_time": 4.849616527557373,
    "parameters": {
        "population_size": 25,
        "max_iterations": 50,
        "lower_bound": [
            0.0,
            0.0,
            0.0,
            0.0,
            0.0,
            0.0,
            0.0,
            0.0,
            0.0,
            0.0,
            0.0,
            0.0,
            0.0,
            0.0,
            0.0,
            0.0,
            0.0,
            0.0,
            0.0,
            0.0
        ],
        "upper_bound": [
            1.0,
            1.0,
            1.0,
            1.0,
            1.0,
            1.0,
            1.0,
            1.0,
            1.0,
            1.0,
            1.0,
            1.0,
            1.0,
            1.0,
            1.0,
            1.0,
            1.0,
            1.0,
            1.0,
            1.0
        ],
        "dimensions": 20,
        "verbose": true
    },
    "problem_type": "feature_selection",
    "timestamp": "2025-09-11T00:38:36.674932",
    "n_selected_features": 9,
    "selected_feature_indices": [
        4,
        5,
        7,
        10,
        11,
        12,
        14,
        18,
        19
    ]
}