{
    "algorithm_name": "GWO",
    "best_fitness": 0.01754385964912286,
    "best_solution": [
        1.0,
        0.0,
        0.16401841474525206,
        0.5590526349144099,
        0.8149463826860868,
        0.32997796102203775,
        0.4869216834582144,
        0.9493965948532223,
        1.0,
        0.41416592721372875,
        1.0,
        0.7628385298657686,
        0.6165890614346242,
        0.10031978359206045,
        0.0,
        0.879655347528097,
        1.0,
        0.8563048187551519,
        0.2159962848901246,
        0.8143426810255749,
        0.4686037237058464,
        0.46084665348988074,
        1.0,
        0.0,
        0.19997651226347024,
        0.17333731924845894,
        0.249503747178757,
        0.25762655442154464,
        0.31856866680463797,
        1.0
    ],
    "convergence_curve": [
        0.03508771929824561,
        0.02631578947368418,
        0.02631578947368418,
        0.02631578947368418,
        0.01754385964912286,
        0.01754385964912286,
        0.01754385964912286,
        0.01754385964912286,
        0.01754385964912286,
        0.01754385964912286,
        0.01754385964912286,
        0.01754385964912286,
        0.01754385964912286,
        0.01754385964912286,
        0.01754385964912286,
        0.01754385964912286,
        0.01754385964912286,
        0.01754385964912286,
        0.01754385964912286,
        0.01754385964912286,
        0.01754385964912286,
        0.01754385964912286,
        0.01754385964912286,
        0.01754385964912286,
        0.01754385964912286
    ],
    "execution_time": 3.5581626892089844,
    "parameters": {
        "population_size": 20,
        "max_iterations": 25,
        "lower_bound": [
            0.0,
            0.0,
            0.0,
            0.0,
            0.0,
            0.0,
            0.0,
            0.0,
            0.0,
            0.0,
            0.0,
            0.0,
            0.0,
            0.0,
            0.0,
            0.0,
            0.0,
            0.0,
            0.0,
            0.0,
            0.0,
            0.0,
            0.0,
            0.0,
            0.0,
            0.0,
            0.0,
            0.0,
            0.0,
            0.0
        ],
        "upper_bound": [
            1.0,
            1.0,
            1.0,
            1.0,
            1.0,
            1.0,
            1.0,
            1.0,
            1.0,
            1.0,
            1.0,
            1.0,
            1.0,
            1.0,
            1.0,
            1.0,
            1.0,
            1.0,
            1.0,
            1.0,
            1.0,
            1.0,
            1.0,
            1.0,
            1.0,
            1.0,
            1.0,
            1.0,
            1.0,
            1.0
        ],
        "dimensions": 30,
        "verbose": false
    },
    "problem_type": "feature_selection",
    "timestamp": "2025-09-14T14:52:39.264885",
    "n_selected_features": 14,
    "selected_feature_indices": [
        0,
        3,
        4,
        7,
        8,
        10,
        11,
        12,
        15,
        16,
        17,
        19,
        22,
        29
    ]
}