{
    "algorithm_name": "GA",
    "best_fitness": 0.02777777777777779,
    "best_solution": [
        0.6748169109590931,
        0.4600884734442562,
        0.7567229533661675,
        0.8221731269388978,
        0.30692960903666233,
        0.7435734628348287,
        0.017996320091812956,
        0.7009628392940481,
        0.72080456538469,
        0.7667280734271064,
        0.8495401676124102,
        0.5594809087674492,
        0.0729273379093125
    ],
    "convergence_curve": [
        0.05555555555555558,
        0.05555555555555558,
        0.02777777777777779,
        0.02777777777777779,
        0.02777777777777779,
        0.02777777777777779,
        0.02777777777777779,
        0.02777777777777779,
        0.02777777777777779,
        0.02777777777777779,
        0.02777777777777779,
        0.02777777777777779,
        0.02777777777777779,
        0.02777777777777779,
        0.02777777777777779,
        0.02777777777777779,
        0.02777777777777779,
        0.02777777777777779,
        0.02777777777777779,
        0.02777777777777779,
        0.02777777777777779,
        0.02777777777777779,
        0.02777777777777779,
        0.02777777777777779,
        0.02777777777777779,
        0.02777777777777779,
        0.02777777777777779,
        0.02777777777777779,
        0.02777777777777779,
        0.02777777777777779
    ],
    "execution_time": 1.7225947380065918,
    "parameters": {
        "population_size": 20,
        "max_iterations": 30,
        "lower_bound": [
            0.0,
            0.0,
            0.0,
            0.0,
            0.0,
            0.0,
            0.0,
            0.0,
            0.0,
            0.0,
            0.0,
            0.0,
            0.0
        ],
        "upper_bound": [
            1.0,
            1.0,
            1.0,
            1.0,
            1.0,
            1.0,
            1.0,
            1.0,
            1.0,
            1.0,
            1.0,
            1.0,
            1.0
        ],
        "dimensions": 13,
        "verbose": false
    },
    "problem_type": "feature_selection",
    "timestamp": "2025-09-14T02:17:21.775959",
    "n_selected_features": 9,
    "selected_feature_indices": [
        0,
        2,
        3,
        5,
        7,
        8,
        9,
        10,
        11
    ]
}