{
    "algorithm_name": "AquilaOptimizer",
    "best_fitness": 0.09999999999999998,
    "best_solution": [
        0.6583874770377042,
        0.45627017675735226,
        0.3295534539642624,
        0.06156150993121301,
        0.5569968912862863,
        0.18014107058445394,
        0.7975837439888043,
        0.2251908846039642
    ],
    "convergence_curve": [
        0.09999999999999998,
        0.09999999999999998,
        0.09999999999999998,
        0.09999999999999998,
        0.09999999999999998,
        0.09999999999999998,
        0.09999999999999998,
        0.09999999999999998,
        0.09999999999999998,
        0.09999999999999998,
        0.09999999999999998,
        0.09999999999999998,
        0.09999999999999998,
        0.09999999999999998,
        0.09999999999999998,
        0.09999999999999998,
        0.09999999999999998,
        0.09999999999999998,
        0.09999999999999998,
        0.09999999999999998
    ],
    "execution_time": 1.4350392818450928,
    "parameters": {
        "population_size": 30,
        "max_iterations": 20,
        "lower_bound": [
            0.0,
            0.0,
            0.0,
            0.0,
            0.0,
            0.0,
            0.0,
            0.0
        ],
        "upper_bound": [
            1.0,
            1.0,
            1.0,
            1.0,
            1.0,
            1.0,
            1.0,
            1.0
        ],
        "dimensions": 8,
        "verbose": true
    },
    "problem_type": "feature_selection",
    "timestamp": "2025-09-14T01:56:55.926746",
    "n_selected_features": 3,
    "selected_feature_indices": [
        0,
        4,
        6
    ]
}