{
    "algorithm_name": "AquilaOptimizer",
    "best_fitness": 0.25,
    "best_solution": [
        0.610133444342035,
        0.37081903283572115,
        0.6208320104286015,
        0.2440311094403079,
        0.5860122167199343,
        0.46293647157210277,
        0.6287757008803664,
        0.22548974750629366
    ],
    "convergence_curve": [
        0.35,
        0.30000000000000004,
        0.30000000000000004,
        0.30000000000000004,
        0.30000000000000004,
        0.30000000000000004,
        0.30000000000000004,
        0.30000000000000004,
        0.30000000000000004,
        0.25,
        0.25,
        0.25,
        0.25,
        0.25,
        0.25,
        0.25,
        0.25,
        0.25,
        0.25,
        0.25
    ],
    "execution_time": 1.4188690185546875,
    "parameters": {
        "population_size": 30,
        "max_iterations": 20,
        "lower_bound": [
            0.0,
            0.0,
            0.0,
            0.0,
            0.0,
            0.0,
            0.0,
            0.0
        ],
        "upper_bound": [
            1.0,
            1.0,
            1.0,
            1.0,
            1.0,
            1.0,
            1.0,
            1.0
        ],
        "dimensions": 8,
        "verbose": true
    },
    "problem_type": "feature_selection",
    "timestamp": "2025-09-14T01:34:45.060866",
    "n_selected_features": 4,
    "selected_feature_indices": [
        0,
        2,
        4,
        6
    ]
}