{
    "algorithm_name": "PSO",
    "best_fitness": 0.0,
    "best_solution": [
        0.35278758843930524,
        0.6770068765366777,
        0.2195166925536236,
        0.31988085794551946,
        0.39884820878867433
    ],
    "convergence_curve": [
        0.0,
        0.0,
        0.0,
        0.0,
        0.0,
        0.0,
        0.0,
        0.0,
        0.0,
        0.0,
        0.0,
        0.0,
        0.0,
        0.0,
        0.0,
        0.0,
        0.0,
        0.0,
        0.0,
        0.0,
        0.0,
        0.0,
        0.0,
        0.0,
        0.0,
        0.0,
        0.0,
        0.0,
        0.0,
        0.0
    ],
    "execution_time": 2.0654032230377197,
    "parameters": {
        "population_size": 25,
        "max_iterations": 30,
        "lower_bound": [
            0.0,
            0.0,
            0.0,
            0.0,
            0.0
        ],
        "upper_bound": [
            1.0,
            1.0,
            1.0,
            1.0,
            1.0
        ],
        "dimensions": 5,
        "verbose": false
    },
    "problem_type": "feature_selection",
    "timestamp": "2025-09-14T01:44:14.194524",
    "n_selected_features": 1,
    "selected_feature_indices": [
        1
    ]
}