{
    "algorithm_name": "DE",
    "best_fitness": 0.02777777777777779,
    "best_solution": [
        0.5721966607412203,
        0.8508474223192704,
        0.19552934647070763,
        0.4542912863949826,
        0.4341983279877029,
        0.6496855597735758,
        0.9604188883643177,
        0.0,
        0.989333969919027,
        1.0,
        0.6133175043485055,
        0.9348335652041083,
        0.37356032867310784
    ],
    "convergence_curve": [
        0.05555555555555558,
        0.02777777777777779,
        0.02777777777777779,
        0.02777777777777779,
        0.02777777777777779,
        0.02777777777777779,
        0.02777777777777779,
        0.02777777777777779,
        0.02777777777777779,
        0.02777777777777779,
        0.02777777777777779,
        0.02777777777777779,
        0.02777777777777779,
        0.02777777777777779,
        0.02777777777777779,
        0.02777777777777779,
        0.02777777777777779,
        0.02777777777777779,
        0.02777777777777779,
        0.02777777777777779,
        0.02777777777777779,
        0.02777777777777779,
        0.02777777777777779,
        0.02777777777777779,
        0.02777777777777779,
        0.02777777777777779,
        0.02777777777777779,
        0.02777777777777779,
        0.02777777777777779,
        0.02777777777777779
    ],
    "execution_time": 1.716613531112671,
    "parameters": {
        "population_size": 20,
        "max_iterations": 30,
        "lower_bound": [
            0.0,
            0.0,
            0.0,
            0.0,
            0.0,
            0.0,
            0.0,
            0.0,
            0.0,
            0.0,
            0.0,
            0.0,
            0.0
        ],
        "upper_bound": [
            1.0,
            1.0,
            1.0,
            1.0,
            1.0,
            1.0,
            1.0,
            1.0,
            1.0,
            1.0,
            1.0,
            1.0,
            1.0
        ],
        "dimensions": 13,
        "verbose": false
    },
    "problem_type": "feature_selection",
    "timestamp": "2025-09-14T02:17:23.496553",
    "n_selected_features": 8,
    "selected_feature_indices": [
        0,
        1,
        5,
        6,
        8,
        9,
        10,
        11
    ]
}