{
    "algorithm_name": "GWO",
    "best_fitness": 0.125,
    "best_solution": [
        0.4210729073339845,
        1.0,
        0.587623543463207,
        0.529200528665051,
        0.3928254755138234,
        0.43565066194692076,
        0.0,
        0.6262498981989529,
        0.4197028651633465,
        0.6563731686827725,
        0.45203189183473197,
        1.0
    ],
    "convergence_curve": [
        0.25,
        0.1875,
        0.125,
        0.125,
        0.125,
        0.125,
        0.125,
        0.125,
        0.125,
        0.125,
        0.125,
        0.125,
        0.125,
        0.125,
        0.125,
        0.125,
        0.125,
        0.125,
        0.125,
        0.125,
        0.125,
        0.125,
        0.125,
        0.125,
        0.125,
        0.125,
        0.125,
        0.125,
        0.125,
        0.125
    ],
    "execution_time": 1.5678205490112305,
    "parameters": {
        "population_size": 15,
        "max_iterations": 30,
        "lower_bound": [
            0.0,
            0.0,
            0.0,
            0.0,
            0.0,
            0.0,
            0.0,
            0.0,
            0.0,
            0.0,
            0.0,
            0.0
        ],
        "upper_bound": [
            1.0,
            1.0,
            1.0,
            1.0,
            1.0,
            1.0,
            1.0,
            1.0,
            1.0,
            1.0,
            1.0,
            1.0
        ],
        "dimensions": 12,
        "verbose": true
    },
    "problem_type": "feature_selection",
    "timestamp": "2025-09-11T00:32:26.703143",
    "n_selected_features": 6,
    "selected_feature_indices": [
        1,
        2,
        3,
        7,
        9,
        11
    ]
}