{
    "algorithm_name": "SineCosinAlgorithm",
    "best_fitness": 0.0,
    "best_solution": [
        0.5967705853383557,
        0.5304666884250552,
        0.4805033773728664,
        0.6061931754784374,
        0.4285454203185436,
        0.8426122632692669,
        0.18311654294799362,
        0.44133069732819485,
        0.24559773552386766,
        0.537141678875659
    ],
    "convergence_curve": [
        0.0,
        0.0,
        0.0,
        0.0,
        0.0,
        0.0,
        0.0,
        0.0,
        0.0,
        0.0,
        0.0,
        0.0,
        0.0,
        0.0,
        0.0
    ],
    "execution_time": 0.37847447395324707,
    "parameters": {
        "population_size": 10,
        "max_iterations": 15,
        "lower_bound": [
            0.0,
            0.0,
            0.0,
            0.0,
            0.0,
            0.0,
            0.0,
            0.0,
            0.0,
            0.0
        ],
        "upper_bound": [
            1.0,
            1.0,
            1.0,
            1.0,
            1.0,
            1.0,
            1.0,
            1.0,
            1.0,
            1.0
        ],
        "dimensions": 10,
        "verbose": true
    },
    "problem_type": "feature_selection",
    "timestamp": "2025-09-14T02:15:08.376540",
    "n_selected_features": 5,
    "selected_feature_indices": [
        0,
        1,
        3,
        5,
        9
    ]
}