{
    "algorithm_name": "GWO",
    "best_fitness": 0.01754385964912286,
    "best_solution": [
        1.0,
        0.38692538417886063,
        0.44568947467558484,
        1.0,
        0.11667492104154435,
        0.2005045742649821,
        0.05204022740833344,
        0.13064837607619742,
        0.7956856137099265,
        0.45591737566128426,
        1.0,
        0.7496732275594337,
        0.10370861677586884,
        0.30012449320290213,
        0.509082780638998,
        0.27679125443877783,
        0.0,
        0.3534684829569808,
        0.020611229981401507,
        0.877066212506214,
        0.0680070290134503,
        0.0,
        0.66133048989137,
        0.0,
        0.5085373190985455,
        0.4437523688492982,
        0.0,
        1.0,
        0.13055229926830017,
        1.0
    ],
    "convergence_curve": [
        0.02631578947368418,
        0.01754385964912286,
        0.01754385964912286,
        0.01754385964912286,
        0.01754385964912286,
        0.01754385964912286,
        0.01754385964912286,
        0.01754385964912286,
        0.01754385964912286,
        0.01754385964912286,
        0.01754385964912286,
        0.01754385964912286,
        0.01754385964912286,
        0.01754385964912286,
        0.01754385964912286,
        0.01754385964912286,
        0.01754385964912286,
        0.01754385964912286,
        0.01754385964912286,
        0.01754385964912286,
        0.01754385964912286,
        0.01754385964912286,
        0.01754385964912286,
        0.01754385964912286,
        0.01754385964912286,
        0.01754385964912286,
        0.01754385964912286,
        0.01754385964912286,
        0.01754385964912286,
        0.01754385964912286
    ],
    "execution_time": 3.047861099243164,
    "parameters": {
        "population_size": 20,
        "max_iterations": 30,
        "lower_bound": [
            0.0,
            0.0,
            0.0,
            0.0,
            0.0,
            0.0,
            0.0,
            0.0,
            0.0,
            0.0,
            0.0,
            0.0,
            0.0,
            0.0,
            0.0,
            0.0,
            0.0,
            0.0,
            0.0,
            0.0,
            0.0,
            0.0,
            0.0,
            0.0,
            0.0,
            0.0,
            0.0,
            0.0,
            0.0,
            0.0
        ],
        "upper_bound": [
            1.0,
            1.0,
            1.0,
            1.0,
            1.0,
            1.0,
            1.0,
            1.0,
            1.0,
            1.0,
            1.0,
            1.0,
            1.0,
            1.0,
            1.0,
            1.0,
            1.0,
            1.0,
            1.0,
            1.0,
            1.0,
            1.0,
            1.0,
            1.0,
            1.0,
            1.0,
            1.0,
            1.0,
            1.0,
            1.0
        ],
        "dimensions": 30,
        "verbose": false
    },
    "problem_type": "feature_selection",
    "timestamp": "2025-09-14T14:49:56.024062",
    "n_selected_features": 11,
    "selected_feature_indices": [
        0,
        3,
        8,
        10,
        11,
        14,
        19,
        22,
        24,
        27,
        29
    ]
}