{
    "algorithm_name": "PSO",
    "best_fitness": 0.5,
    "best_solution": [
        0.9386048438497748,
        0.5502641754848501,
        0.807886367916915,
        0.09863412333753552
    ],
    "convergence_curve": [
        0.5,
        0.5,
        0.5,
        0.5,
        0.5,
        0.5,
        0.5,
        0.5,
        0.5,
        0.5,
        0.5,
        0.5,
        0.5,
        0.5,
        0.5
    ],
    "execution_time": 1.219254732131958,
    "parameters": {
        "population_size": 30,
        "max_iterations": 15,
        "lower_bound": [
            0.0,
            0.0,
            0.0,
            0.0
        ],
        "upper_bound": [
            1.0,
            1.0,
            1.0,
            1.0
        ],
        "dimensions": 4,
        "verbose": true
    },
    "problem_type": "feature_selection",
    "timestamp": "2025-09-14T01:48:38.679305",
    "n_selected_features": 3,
    "selected_feature_indices": [
        0,
        1,
        2
    ]
}