{
    "algorithm_name": "WOA",
    "best_fitness": 0.02631578947368418,
    "best_solution": [
        0.12698947839060878,
        0.0,
        0.03594075523997495,
        0.0,
        0.0,
        0.0,
        0.26261420379764444,
        0.4892926541508478,
        0.0731686067604882,
        0.09023133615092671,
        0.06963541254693376,
        0.1755193576081769,
        0.5062314676613392,
        0.001218030348347332,
        0.00944930140014344,
        0.2521389817480104,
        0.0,
        0.34611523920666537,
        0.11531341671271295,
        0.059249175093273876,
        0.6576615051457306,
        0.22849806680865015,
        0.0,
        0.0,
        0.1287006415491412,
        0.540922070945317,
        0.0,
        0.0,
        0.3065809031327326,
        0.7325358909766144
    ],
    "convergence_curve": [
        0.052631578947368474,
        0.03508771929824561,
        0.02631578947368418,
        0.02631578947368418,
        0.02631578947368418,
        0.02631578947368418,
        0.02631578947368418,
        0.02631578947368418,
        0.02631578947368418,
        0.02631578947368418,
        0.02631578947368418,
        0.02631578947368418,
        0.02631578947368418,
        0.02631578947368418,
        0.02631578947368418,
        0.02631578947368418,
        0.02631578947368418,
        0.02631578947368418,
        0.02631578947368418,
        0.02631578947368418
    ],
    "execution_time": 0.9874846935272217,
    "parameters": {
        "population_size": 15,
        "max_iterations": 20,
        "lower_bound": [
            0.0,
            0.0,
            0.0,
            0.0,
            0.0,
            0.0,
            0.0,
            0.0,
            0.0,
            0.0,
            0.0,
            0.0,
            0.0,
            0.0,
            0.0,
            0.0,
            0.0,
            0.0,
            0.0,
            0.0,
            0.0,
            0.0,
            0.0,
            0.0,
            0.0,
            0.0,
            0.0,
            0.0,
            0.0,
            0.0
        ],
        "upper_bound": [
            1.0,
            1.0,
            1.0,
            1.0,
            1.0,
            1.0,
            1.0,
            1.0,
            1.0,
            1.0,
            1.0,
            1.0,
            1.0,
            1.0,
            1.0,
            1.0,
            1.0,
            1.0,
            1.0,
            1.0,
            1.0,
            1.0,
            1.0,
            1.0,
            1.0,
            1.0,
            1.0,
            1.0,
            1.0,
            1.0
        ],
        "dimensions": 30,
        "verbose": false
    },
    "problem_type": "feature_selection",
    "timestamp": "2025-09-14T02:13:21.809613",
    "n_selected_features": 4,
    "selected_feature_indices": [
        12,
        20,
        25,
        29
    ]
}