{
    "algorithm_name": "AquilaOptimizer",
    "best_fitness": 0.01754385964912286,
    "best_solution": [
        0.47561125460762543,
        0.39871069495567535,
        0.35879197766749304,
        0.6767432354038214,
        0.5108701534935433,
        0.4908370993397961,
        0.208974280587439,
        0.3811124155460107,
        0.6480909266164926,
        0.7479842486845186,
        0.43902484280287957,
        0.6463371833885158,
        0.777315309637916,
        0.4437582469751303,
        0.2771657585210741,
        0.4664987265376081,
        0.7379452852203868,
        0.325328843402937,
        0.7556239665842119,
        0.14321514667575072,
        0.38596356351739003,
        0.4108265595677505,
        0.7425112052236499,
        0.2983511020238303,
        0.5313732784565237,
        0.48188004249947536,
        0.37255980625492213,
        0.280306334662472,
        0.20564312241415927,
        0.3069133640780887
    ],
    "convergence_curve": [
        0.03508771929824561,
        0.02631578947368418,
        0.02631578947368418,
        0.02631578947368418,
        0.02631578947368418,
        0.02631578947368418,
        0.02631578947368418,
        0.02631578947368418,
        0.01754385964912286,
        0.01754385964912286,
        0.01754385964912286,
        0.01754385964912286,
        0.01754385964912286,
        0.01754385964912286,
        0.01754385964912286,
        0.01754385964912286,
        0.01754385964912286,
        0.01754385964912286,
        0.01754385964912286,
        0.01754385964912286,
        0.01754385964912286,
        0.01754385964912286,
        0.01754385964912286,
        0.01754385964912286,
        0.01754385964912286
    ],
    "execution_time": 3.667750597000122,
    "parameters": {
        "population_size": 20,
        "max_iterations": 25,
        "lower_bound": [
            0.0,
            0.0,
            0.0,
            0.0,
            0.0,
            0.0,
            0.0,
            0.0,
            0.0,
            0.0,
            0.0,
            0.0,
            0.0,
            0.0,
            0.0,
            0.0,
            0.0,
            0.0,
            0.0,
            0.0,
            0.0,
            0.0,
            0.0,
            0.0,
            0.0,
            0.0,
            0.0,
            0.0,
            0.0,
            0.0
        ],
        "upper_bound": [
            1.0,
            1.0,
            1.0,
            1.0,
            1.0,
            1.0,
            1.0,
            1.0,
            1.0,
            1.0,
            1.0,
            1.0,
            1.0,
            1.0,
            1.0,
            1.0,
            1.0,
            1.0,
            1.0,
            1.0,
            1.0,
            1.0,
            1.0,
            1.0,
            1.0,
            1.0,
            1.0,
            1.0,
            1.0,
            1.0
        ],
        "dimensions": 30,
        "verbose": false
    },
    "problem_type": "feature_selection",
    "timestamp": "2025-09-14T14:50:22.836673",
    "n_selected_features": 10,
    "selected_feature_indices": [
        3,
        4,
        8,
        9,
        11,
        12,
        16,
        18,
        22,
        24
    ]
}