iteration,best_fitness
1,0.19999999999999996
2,0.19999999999999996
3,0.19999999999999996
4,0.19999999999999996
5,0.19999999999999996
6,0.19999999999999996
7,0.19999999999999996
8,0.19999999999999996
9,0.19999999999999996
10,0.19999999999999996
11,0.19999999999999996
12,0.19999999999999996
13,0.19999999999999996
14,0.19999999999999996
15,0.19999999999999996
16,0.19999999999999996
17,0.19999999999999996
18,0.19999999999999996
19,0.19999999999999996
20,0.19999999999999996
