{
    "algorithm_name": "SineCosinAlgorithm",
    "best_fitness": 0.01754385964912286,
    "best_solution": [
        0.8076533288562007,
        0.14442783422278965,
        0.025516417560534577,
        0.7048770675228486,
        0.3558633670715836,
        0.42213118523477516,
        1.0,
        0.39805172467703587,
        0.9782491683707802,
        1.0,
        0.0,
        1.0,
        1.0,
        0.0,
        0.7072024654983163,
        0.09180941573348121,
        0.19054359785500197,
        0.09819346668182505,
        0.0,
        0.0,
        1.0,
        0.26784999671096277,
        1.0,
        0.49288458655067724,
        0.18043227091910358,
        1.0,
        0.0,
        0.0,
        0.4874070399361549,
        1.0
    ],
    "convergence_curve": [
        0.03508771929824561,
        0.01754385964912286,
        0.01754385964912286,
        0.01754385964912286,
        0.01754385964912286,
        0.01754385964912286,
        0.01754385964912286,
        0.01754385964912286,
        0.01754385964912286,
        0.01754385964912286,
        0.01754385964912286,
        0.01754385964912286,
        0.01754385964912286,
        0.01754385964912286,
        0.01754385964912286,
        0.01754385964912286,
        0.01754385964912286,
        0.01754385964912286,
        0.01754385964912286,
        0.01754385964912286,
        0.01754385964912286,
        0.01754385964912286,
        0.01754385964912286,
        0.01754385964912286,
        0.01754385964912286,
        0.01754385964912286,
        0.01754385964912286,
        0.01754385964912286,
        0.01754385964912286,
        0.01754385964912286
    ],
    "execution_time": 2.7734200954437256,
    "parameters": {
        "population_size": 20,
        "max_iterations": 30,
        "lower_bound": [
            0.0,
            0.0,
            0.0,
            0.0,
            0.0,
            0.0,
            0.0,
            0.0,
            0.0,
            0.0,
            0.0,
            0.0,
            0.0,
            0.0,
            0.0,
            0.0,
            0.0,
            0.0,
            0.0,
            0.0,
            0.0,
            0.0,
            0.0,
            0.0,
            0.0,
            0.0,
            0.0,
            0.0,
            0.0,
            0.0
        ],
        "upper_bound": [
            1.0,
            1.0,
            1.0,
            1.0,
            1.0,
            1.0,
            1.0,
            1.0,
            1.0,
            1.0,
            1.0,
            1.0,
            1.0,
            1.0,
            1.0,
            1.0,
            1.0,
            1.0,
            1.0,
            1.0,
            1.0,
            1.0,
            1.0,
            1.0,
            1.0,
            1.0,
            1.0,
            1.0,
            1.0,
            1.0
        ],
        "dimensions": 30,
        "verbose": false
    },
    "problem_type": "feature_selection",
    "timestamp": "2025-09-14T14:49:52.972237",
    "n_selected_features": 12,
    "selected_feature_indices": [
        0,
        3,
        6,
        8,
        9,
        11,
        12,
        14,
        20,
        22,
        25,
        29
    ]
}