{
    "algorithm_name": "AquilaOptimizer",
    "best_fitness": 0.0,
    "best_solution": [
        0.1183731201468326,
        0.9398302478972587,
        0.24741356195619515,
        0.9767722807546673,
        0.7468172494277894,
        0.556114797623648,
        1.0,
        0.8700124398590903,
        0.7464765200805441,
        0.6154174043122691
    ],
    "convergence_curve": [
        0.09999999999999998,
        0.0,
        0.0,
        0.0,
        0.0,
        0.0,
        0.0,
        0.0,
        0.0,
        0.0,
        0.0,
        0.0,
        0.0,
        0.0,
        0.0
    ],
    "execution_time": 0.32724618911743164,
    "parameters": {
        "population_size": 10,
        "max_iterations": 15,
        "lower_bound": [
            0.0,
            0.0,
            0.0,
            0.0,
            0.0,
            0.0,
            0.0,
            0.0,
            0.0,
            0.0
        ],
        "upper_bound": [
            1.0,
            1.0,
            1.0,
            1.0,
            1.0,
            1.0,
            1.0,
            1.0,
            1.0,
            1.0
        ],
        "dimensions": 10,
        "verbose": true
    },
    "problem_type": "feature_selection",
    "timestamp": "2025-09-14T02:15:06.865949",
    "n_selected_features": 8,
    "selected_feature_indices": [
        1,
        3,
        4,
        5,
        6,
        7,
        8,
        9
    ]
}