{
    "algorithm_name": "SineCosinAlgorithm",
    "best_fitness": 0.01754385964912286,
    "best_solution": [
        1.0,
        0.049201657188135406,
        0.0,
        1.0,
        0.0,
        1.0,
        0.0,
        0.0,
        0.5481258218635808,
        1.0,
        0.0,
        0.6870656382316401,
        0.9544065908845708,
        0.0,
        0.0,
        0.0,
        0.8739132830254761,
        0.1407071569464951,
        0.226859358615346,
        1.0,
        0.0,
        0.04781768024233224,
        0.6742291729123917,
        0.0,
        1.0,
        0.0,
        0.0,
        0.31614346028824475,
        1.0,
        0.35795222237642665
    ],
    "convergence_curve": [
        0.03508771929824561,
        0.01754385964912286,
        0.01754385964912286,
        0.01754385964912286,
        0.01754385964912286,
        0.01754385964912286,
        0.01754385964912286,
        0.01754385964912286,
        0.01754385964912286,
        0.01754385964912286,
        0.01754385964912286,
        0.01754385964912286,
        0.01754385964912286,
        0.01754385964912286,
        0.01754385964912286,
        0.01754385964912286,
        0.01754385964912286,
        0.01754385964912286,
        0.01754385964912286,
        0.01754385964912286
    ],
    "execution_time": 1.1248407363891602,
    "parameters": {
        "population_size": 15,
        "max_iterations": 20,
        "lower_bound": [
            0.0,
            0.0,
            0.0,
            0.0,
            0.0,
            0.0,
            0.0,
            0.0,
            0.0,
            0.0,
            0.0,
            0.0,
            0.0,
            0.0,
            0.0,
            0.0,
            0.0,
            0.0,
            0.0,
            0.0,
            0.0,
            0.0,
            0.0,
            0.0,
            0.0,
            0.0,
            0.0,
            0.0,
            0.0,
            0.0
        ],
        "upper_bound": [
            1.0,
            1.0,
            1.0,
            1.0,
            1.0,
            1.0,
            1.0,
            1.0,
            1.0,
            1.0,
            1.0,
            1.0,
            1.0,
            1.0,
            1.0,
            1.0,
            1.0,
            1.0,
            1.0,
            1.0,
            1.0,
            1.0,
            1.0,
            1.0,
            1.0,
            1.0,
            1.0,
            1.0,
            1.0,
            1.0
        ],
        "dimensions": 30,
        "verbose": false
    },
    "problem_type": "feature_selection",
    "timestamp": "2025-09-14T02:14:40.520255",
    "n_selected_features": 12,
    "selected_feature_indices": [
        0,
        3,
        5,
        8,
        9,
        11,
        12,
        16,
        19,
        22,
        24,
        28
    ]
}