{
    "algorithm_name": "SineCosinAlgorithm",
    "best_fitness": 0.07499999999999996,
    "best_solution": [
        0.2003392726937515,
        1.0,
        0.8732155488575984,
        0.7302348173993987,
        0.9369070449876903,
        0.0,
        0.0,
        0.8146971857931415,
        0.0,
        0.0,
        0.0,
        0.13998486336247132,
        0.0,
        0.7113785547604936,
        0.0,
        0.8053890535890031,
        0.32560903515294376,
        0.8187750618340861,
        0.0,
        0.26464611831807966
    ],
    "convergence_curve": [
        0.15000000000000002,
        0.125,
        0.125,
        0.125,
        0.125,
        0.125,
        0.125,
        0.125,
        0.125,
        0.125,
        0.125,
        0.09999999999999998,
        0.09999999999999998,
        0.09999999999999998,
        0.09999999999999998,
        0.09999999999999998,
        0.09999999999999998,
        0.09999999999999998,
        0.09999999999999998,
        0.09999999999999998,
        0.09999999999999998,
        0.09999999999999998,
        0.09999999999999998,
        0.09999999999999998,
        0.09999999999999998,
        0.09999999999999998,
        0.07499999999999996,
        0.07499999999999996,
        0.07499999999999996,
        0.07499999999999996,
        0.07499999999999996,
        0.07499999999999996,
        0.07499999999999996,
        0.07499999999999996,
        0.07499999999999996,
        0.07499999999999996,
        0.07499999999999996,
        0.07499999999999996,
        0.07499999999999996,
        0.07499999999999996,
        0.07499999999999996,
        0.07499999999999996,
        0.07499999999999996,
        0.07499999999999996,
        0.07499999999999996,
        0.07499999999999996,
        0.07499999999999996,
        0.07499999999999996,
        0.07499999999999996,
        0.07499999999999996
    ],
    "execution_time": 4.770856142044067,
    "parameters": {
        "population_size": 25,
        "max_iterations": 50,
        "lower_bound": [
            0.0,
            0.0,
            0.0,
            0.0,
            0.0,
            0.0,
            0.0,
            0.0,
            0.0,
            0.0,
            0.0,
            0.0,
            0.0,
            0.0,
            0.0,
            0.0,
            0.0,
            0.0,
            0.0,
            0.0
        ],
        "upper_bound": [
            1.0,
            1.0,
            1.0,
            1.0,
            1.0,
            1.0,
            1.0,
            1.0,
            1.0,
            1.0,
            1.0,
            1.0,
            1.0,
            1.0,
            1.0,
            1.0,
            1.0,
            1.0,
            1.0,
            1.0
        ],
        "dimensions": 20,
        "verbose": true
    },
    "problem_type": "feature_selection",
    "timestamp": "2025-09-11T00:38:31.821167",
    "n_selected_features": 8,
    "selected_feature_indices": [
        1,
        2,
        3,
        4,
        7,
        13,
        15,
        17
    ]
}