{
    "algorithm_name": "AquilaOptimizer",
    "best_fitness": 0.02631578947368418,
    "best_solution": [
        0.5139661722926115,
        0.6701957490119891,
        0.3694664034841256,
        0.3912936737965179,
        0.5064996059008163,
        0.5308865843002356,
        0.5240004562059025,
        0.619539642803945,
        0.3028309889801838,
        0.2909713236263609,
        0.6441759233794996,
        0.731998399184999,
        0.5955344063461496,
        0.9077952407925028,
        0.840996013819809,
        0.3074648779861293,
        0.7752934906949728,
        0.8943695586825511,
        0.8536978080652925,
        0.6371067298919716,
        0.5367520326646033,
        0.4368095229529493,
        0.15551487929241192,
        0.4965864295441542,
        0.8493764372851433,
        0.7506492488674807,
        0.991144352971655,
        0.22334666054193997,
        0.28949937909878876,
        0.2724375125682653
    ],
    "convergence_curve": [
        0.02631578947368418,
        0.02631578947368418,
        0.02631578947368418,
        0.02631578947368418,
        0.02631578947368418,
        0.02631578947368418,
        0.02631578947368418,
        0.02631578947368418,
        0.02631578947368418,
        0.02631578947368418,
        0.02631578947368418,
        0.02631578947368418,
        0.02631578947368418,
        0.02631578947368418,
        0.02631578947368418,
        0.02631578947368418,
        0.02631578947368418,
        0.02631578947368418,
        0.02631578947368418,
        0.02631578947368418
    ],
    "execution_time": 2.3652889728546143,
    "parameters": {
        "population_size": 15,
        "max_iterations": 20,
        "lower_bound": [
            0.0,
            0.0,
            0.0,
            0.0,
            0.0,
            0.0,
            0.0,
            0.0,
            0.0,
            0.0,
            0.0,
            0.0,
            0.0,
            0.0,
            0.0,
            0.0,
            0.0,
            0.0,
            0.0,
            0.0,
            0.0,
            0.0,
            0.0,
            0.0,
            0.0,
            0.0,
            0.0,
            0.0,
            0.0,
            0.0
        ],
        "upper_bound": [
            1.0,
            1.0,
            1.0,
            1.0,
            1.0,
            1.0,
            1.0,
            1.0,
            1.0,
            1.0,
            1.0,
            1.0,
            1.0,
            1.0,
            1.0,
            1.0,
            1.0,
            1.0,
            1.0,
            1.0,
            1.0,
            1.0,
            1.0,
            1.0,
            1.0,
            1.0,
            1.0,
            1.0,
            1.0,
            1.0
        ],
        "dimensions": 30,
        "verbose": false
    },
    "problem_type": "feature_selection",
    "timestamp": "2025-09-14T14:52:46.503075",
    "n_selected_features": 19,
    "selected_feature_indices": [
        0,
        1,
        4,
        5,
        6,
        7,
        10,
        11,
        12,
        13,
        14,
        16,
        17,
        18,
        19,
        20,
        24,
        25,
        26
    ]
}