{
    "algorithm_name": "SineCosinAlgorithm",
    "best_fitness": 0.0,
    "best_solution": [
        0.3563242354180661,
        0.0,
        0.7800567153353637,
        0.643340036729845,
        0.0,
        0.06105900010236401,
        0.8468197474458382,
        0.0,
        0.0256271423008328,
        0.36213831794944273,
        0.31218823470872964,
        0.10792791742056812,
        0.0071912075957622605,
        0.09082126980421715,
        0.9190119552541683
    ],
    "convergence_curve": [
        0.09999999999999998,
        0.050000000000000044,
        0.050000000000000044,
        0.050000000000000044,
        0.050000000000000044,
        0.050000000000000044,
        0.050000000000000044,
        0.050000000000000044,
        0.0,
        0.0
    ],
    "execution_time": 0.2528700828552246,
    "parameters": {
        "population_size": 10,
        "max_iterations": 10,
        "lower_bound": [
            0.0,
            0.0,
            0.0,
            0.0,
            0.0,
            0.0,
            0.0,
            0.0,
            0.0,
            0.0,
            0.0,
            0.0,
            0.0,
            0.0,
            0.0
        ],
        "upper_bound": [
            1.0,
            1.0,
            1.0,
            1.0,
            1.0,
            1.0,
            1.0,
            1.0,
            1.0,
            1.0,
            1.0,
            1.0,
            1.0,
            1.0,
            1.0
        ],
        "dimensions": 15,
        "verbose": false
    },
    "problem_type": "feature_selection",
    "timestamp": "2025-09-14T02:15:18.499546",
    "n_selected_features": 4,
    "selected_feature_indices": [
        2,
        3,
        6,
        14
    ]
}