{
    "algorithm_name": "WOA",
    "best_fitness": 0.02777777777777779,
    "best_solution": [
        1.0,
        1.0,
        0.7951171081313502,
        0.644690669800707,
        0.12226566590585161,
        1.0,
        1.0,
        1.0,
        1.0,
        0.07473879347964868,
        0.678326697371475,
        1.0,
        0.4747440243057968
    ],
    "convergence_curve": [
        0.08333333333333337,
        0.08333333333333337,
        0.02777777777777779,
        0.02777777777777779,
        0.02777777777777779,
        0.02777777777777779,
        0.02777777777777779,
        0.02777777777777779,
        0.02777777777777779,
        0.02777777777777779,
        0.02777777777777779,
        0.02777777777777779,
        0.02777777777777779,
        0.02777777777777779,
        0.02777777777777779,
        0.02777777777777779,
        0.02777777777777779,
        0.02777777777777779,
        0.02777777777777779,
        0.02777777777777779,
        0.02777777777777779,
        0.02777777777777779,
        0.02777777777777779,
        0.02777777777777779,
        0.02777777777777779,
        0.02777777777777779,
        0.02777777777777779,
        0.02777777777777779,
        0.02777777777777779,
        0.02777777777777779
    ],
    "execution_time": 1.5984313488006592,
    "parameters": {
        "population_size": 20,
        "max_iterations": 30,
        "lower_bound": [
            0.0,
            0.0,
            0.0,
            0.0,
            0.0,
            0.0,
            0.0,
            0.0,
            0.0,
            0.0,
            0.0,
            0.0,
            0.0
        ],
        "upper_bound": [
            1.0,
            1.0,
            1.0,
            1.0,
            1.0,
            1.0,
            1.0,
            1.0,
            1.0,
            1.0,
            1.0,
            1.0,
            1.0
        ],
        "dimensions": 13,
        "verbose": false
    },
    "problem_type": "feature_selection",
    "timestamp": "2025-09-14T02:17:20.051364",
    "n_selected_features": 10,
    "selected_feature_indices": [
        0,
        1,
        2,
        3,
        5,
        6,
        7,
        8,
        10,
        11
    ]
}