{
    "algorithm_name": "GWO",
    "best_fitness": 0.0,
    "best_solution": [
        0.5869054518707154,
        0.8134904284378962,
        0.32826558115980164,
        0.3674924637011064,
        0.8047724203741451
    ],
    "convergence_curve": [
        0.25,
        0.25,
        0.0,
        0.0,
        0.0,
        0.0,
        0.0,
        0.0,
        0.0,
        0.0,
        0.0,
        0.0,
        0.0,
        0.0,
        0.0,
        0.0,
        0.0,
        0.0,
        0.0,
        0.0
    ],
    "execution_time": 0.8001627922058105,
    "parameters": {
        "population_size": 15,
        "max_iterations": 20,
        "lower_bound": [
            0.0,
            0.0,
            0.0,
            0.0,
            0.0
        ],
        "upper_bound": [
            1.0,
            1.0,
            1.0,
            1.0,
            1.0
        ],
        "dimensions": 5,
        "verbose": false
    },
    "problem_type": "feature_selection",
    "timestamp": "2025-09-14T01:44:23.066508",
    "n_selected_features": 3,
    "selected_feature_indices": [
        0,
        1,
        4
    ]
}