{
    "algorithm_name": "PSO",
    "best_fitness": 0.01754385964912286,
    "best_solution": [
        0.8480342281114566,
        0.1087467084460292,
        0.23100572154563545,
        0.9874556635069084,
        1.0,
        0.6484834263891232,
        0.8903079768488106,
        0.38950419133069114,
        0.4856424597057459,
        0.05547449338396815,
        0.0,
        0.5215140509657521,
        0.4707762787977182,
        0.48215377192525155,
        0.660609768390579,
        0.0,
        0.5599410546546224,
        0.0,
        0.7463625599582815,
        0.4432624896962759,
        0.5098950071128177,
        0.09088501347980535,
        1.0,
        0.2073321946295424,
        0.0,
        0.6051432117078613,
        0.731031593828986,
        0.8194854647115608,
        0.034290313305965714,
        0.07027057581598442
    ],
    "convergence_curve": [
        0.02631578947368418,
        0.02631578947368418,
        0.02631578947368418,
        0.02631578947368418,
        0.02631578947368418,
        0.02631578947368418,
        0.02631578947368418,
        0.02631578947368418,
        0.02631578947368418,
        0.02631578947368418,
        0.01754385964912286,
        0.01754385964912286,
        0.01754385964912286,
        0.01754385964912286,
        0.01754385964912286,
        0.01754385964912286,
        0.01754385964912286,
        0.01754385964912286,
        0.01754385964912286,
        0.01754385964912286,
        0.01754385964912286,
        0.01754385964912286,
        0.01754385964912286,
        0.01754385964912286,
        0.01754385964912286
    ],
    "execution_time": 2.774233818054199,
    "parameters": {
        "population_size": 20,
        "max_iterations": 25,
        "lower_bound": [
            0.0,
            0.0,
            0.0,
            0.0,
            0.0,
            0.0,
            0.0,
            0.0,
            0.0,
            0.0,
            0.0,
            0.0,
            0.0,
            0.0,
            0.0,
            0.0,
            0.0,
            0.0,
            0.0,
            0.0,
            0.0,
            0.0,
            0.0,
            0.0,
            0.0,
            0.0,
            0.0,
            0.0,
            0.0,
            0.0
        ],
        "upper_bound": [
            1.0,
            1.0,
            1.0,
            1.0,
            1.0,
            1.0,
            1.0,
            1.0,
            1.0,
            1.0,
            1.0,
            1.0,
            1.0,
            1.0,
            1.0,
            1.0,
            1.0,
            1.0,
            1.0,
            1.0,
            1.0,
            1.0,
            1.0,
            1.0,
            1.0,
            1.0,
            1.0,
            1.0,
            1.0,
            1.0
        ],
        "dimensions": 30,
        "verbose": false
    },
    "problem_type": "feature_selection",
    "timestamp": "2025-09-14T14:52:16.050139",
    "n_selected_features": 14,
    "selected_feature_indices": [
        0,
        3,
        4,
        5,
        6,
        11,
        14,
        16,
        18,
        20,
        22,
        25,
        26,
        27
    ]
}