{
    "algorithm_name": "PSO",
    "best_fitness": 0.0,
    "best_solution": [
        0.16642199640613442,
        0.0,
        0.0,
        0.9203967025853618,
        0.0,
        0.2898201624299993,
        0.9499291748794149,
        0.2532079993269914,
        1.0,
        1.0
    ],
    "convergence_curve": [
        0.0,
        0.0,
        0.0,
        0.0,
        0.0,
        0.0,
        0.0,
        0.0,
        0.0,
        0.0,
        0.0,
        0.0,
        0.0,
        0.0,
        0.0
    ],
    "execution_time": 0.418720006942749,
    "parameters": {
        "population_size": 10,
        "max_iterations": 15,
        "lower_bound": [
            0.0,
            0.0,
            0.0,
            0.0,
            0.0,
            0.0,
            0.0,
            0.0,
            0.0,
            0.0
        ],
        "upper_bound": [
            1.0,
            1.0,
            1.0,
            1.0,
            1.0,
            1.0,
            1.0,
            1.0,
            1.0,
            1.0
        ],
        "dimensions": 10,
        "verbose": true
    },
    "problem_type": "feature_selection",
    "timestamp": "2025-09-14T02:13:42.953039",
    "n_selected_features": 4,
    "selected_feature_indices": [
        3,
        6,
        8,
        9
    ]
}