{
    "algorithm_name": "SineCosinAlgorithm",
    "best_fitness": 0.05555555555555558,
    "best_solution": [
        0.5187793081933737,
        1.0,
        0.3533689155127917,
        0.07384796488532891,
        0.9988534465011152,
        0.8942662051854521,
        1.0,
        0.3285216513496788,
        0.1077815448284489,
        1.0,
        0.8244360333164892,
        0.5004067001457199,
        0.05074903411237732
    ],
    "convergence_curve": [
        0.08333333333333337,
        0.08333333333333337,
        0.08333333333333337,
        0.08333333333333337,
        0.08333333333333337,
        0.08333333333333337,
        0.08333333333333337,
        0.08333333333333337,
        0.08333333333333337,
        0.08333333333333337,
        0.08333333333333337,
        0.05555555555555558,
        0.05555555555555558,
        0.05555555555555558,
        0.05555555555555558
    ],
    "execution_time": 0.4463465213775635,
    "parameters": {
        "population_size": 10,
        "max_iterations": 15,
        "lower_bound": [
            0.0,
            0.0,
            0.0,
            0.0,
            0.0,
            0.0,
            0.0,
            0.0,
            0.0,
            0.0,
            0.0,
            0.0,
            0.0
        ],
        "upper_bound": [
            1.0,
            1.0,
            1.0,
            1.0,
            1.0,
            1.0,
            1.0,
            1.0,
            1.0,
            1.0,
            1.0,
            1.0,
            1.0
        ],
        "dimensions": 13,
        "verbose": false
    },
    "problem_type": "feature_selection",
    "timestamp": "2025-09-14T02:17:55.681988",
    "n_selected_features": 8,
    "selected_feature_indices": [
        0,
        1,
        4,
        5,
        6,
        9,
        10,
        11
    ]
}