{
    "algorithm_name": "PSO",
    "best_fitness": 0.01754385964912286,
    "best_solution": [
        0.0,
        0.5851630325758487,
        0.6432176898899012,
        0.0,
        0.12964022617364412,
        0.05273912142205377,
        0.15761663394975114,
        1.0,
        1.0,
        0.0,
        0.3644927881428097,
        0.5187398282485489,
        0.9976986593632083,
        0.0,
        0.7448214704374573,
        0.0,
        1.0,
        0.8565308305611482,
        0.0,
        1.0,
        1.0,
        0.0,
        0.2143326296494879,
        0.0,
        0.20230204070887525,
        0.7494564237151737,
        0.9574205266529937,
        0.37200245821132516,
        0.0,
        0.5072748901094501
    ],
    "convergence_curve": [
        0.03508771929824561,
        0.02631578947368418,
        0.02631578947368418,
        0.02631578947368418,
        0.02631578947368418,
        0.02631578947368418,
        0.02631578947368418,
        0.02631578947368418,
        0.02631578947368418,
        0.02631578947368418,
        0.02631578947368418,
        0.01754385964912286,
        0.01754385964912286,
        0.01754385964912286,
        0.01754385964912286,
        0.01754385964912286,
        0.01754385964912286,
        0.01754385964912286,
        0.01754385964912286,
        0.01754385964912286,
        0.01754385964912286,
        0.01754385964912286,
        0.01754385964912286,
        0.01754385964912286,
        0.01754385964912286
    ],
    "execution_time": 2.0116071701049805,
    "parameters": {
        "population_size": 20,
        "max_iterations": 25,
        "lower_bound": [
            0.0,
            0.0,
            0.0,
            0.0,
            0.0,
            0.0,
            0.0,
            0.0,
            0.0,
            0.0,
            0.0,
            0.0,
            0.0,
            0.0,
            0.0,
            0.0,
            0.0,
            0.0,
            0.0,
            0.0,
            0.0,
            0.0,
            0.0,
            0.0,
            0.0,
            0.0,
            0.0,
            0.0,
            0.0,
            0.0
        ],
        "upper_bound": [
            1.0,
            1.0,
            1.0,
            1.0,
            1.0,
            1.0,
            1.0,
            1.0,
            1.0,
            1.0,
            1.0,
            1.0,
            1.0,
            1.0,
            1.0,
            1.0,
            1.0,
            1.0,
            1.0,
            1.0,
            1.0,
            1.0,
            1.0,
            1.0,
            1.0,
            1.0,
            1.0,
            1.0,
            1.0,
            1.0
        ],
        "dimensions": 30,
        "verbose": false
    },
    "problem_type": "feature_selection",
    "timestamp": "2025-09-14T14:50:24.850264",
    "n_selected_features": 14,
    "selected_feature_indices": [
        1,
        2,
        7,
        8,
        11,
        12,
        14,
        16,
        17,
        19,
        20,
        25,
        26,
        29
    ]
}