{
    "algorithm_name": "AquilaOptimizer",
    "best_fitness": 0.01754385964912286,
    "best_solution": [
        0.8186615141588826,
        0.2753129702323489,
        0.4910882472764926,
        0.7839471225605829,
        0.6889029474062525,
        0.16299220643607326,
        0.3825751751142178,
        0.9631544545305358,
        0.5209056281373603,
        0.627094140903763,
        0.5289739481845533,
        0.6597387720775921,
        0.3986853798370501,
        0.16906777314112342,
        0.4345413851036156,
        0.5376191008280865,
        0.4883304614176447,
        0.9678839861177472,
        0.7251521585827017,
        0.8665970386837282,
        0.5024196065126845,
        0.3069860070836784,
        0.9966391987250574,
        0.4484467910019594,
        0.7866622998016499,
        0.9580673503379123,
        0.9594371455885401,
        0.38240371657279293,
        0.7880783874508468,
        0.9137754401909262
    ],
    "convergence_curve": [
        0.01754385964912286,
        0.01754385964912286,
        0.01754385964912286,
        0.01754385964912286,
        0.01754385964912286,
        0.01754385964912286,
        0.01754385964912286,
        0.01754385964912286,
        0.01754385964912286,
        0.01754385964912286,
        0.01754385964912286,
        0.01754385964912286,
        0.01754385964912286,
        0.01754385964912286,
        0.01754385964912286,
        0.01754385964912286,
        0.01754385964912286,
        0.01754385964912286,
        0.01754385964912286,
        0.01754385964912286
    ],
    "execution_time": 4.154101371765137,
    "parameters": {
        "population_size": 15,
        "max_iterations": 20,
        "lower_bound": [
            0.0,
            0.0,
            0.0,
            0.0,
            0.0,
            0.0,
            0.0,
            0.0,
            0.0,
            0.0,
            0.0,
            0.0,
            0.0,
            0.0,
            0.0,
            0.0,
            0.0,
            0.0,
            0.0,
            0.0,
            0.0,
            0.0,
            0.0,
            0.0,
            0.0,
            0.0,
            0.0,
            0.0,
            0.0,
            0.0
        ],
        "upper_bound": [
            1.0,
            1.0,
            1.0,
            1.0,
            1.0,
            1.0,
            1.0,
            1.0,
            1.0,
            1.0,
            1.0,
            1.0,
            1.0,
            1.0,
            1.0,
            1.0,
            1.0,
            1.0,
            1.0,
            1.0,
            1.0,
            1.0,
            1.0,
            1.0,
            1.0,
            1.0,
            1.0,
            1.0,
            1.0,
            1.0
        ],
        "dimensions": 30,
        "verbose": false
    },
    "problem_type": "feature_selection",
    "timestamp": "2025-09-14T02:13:16.604306",
    "n_selected_features": 19,
    "selected_feature_indices": [
        0,
        3,
        4,
        7,
        8,
        9,
        10,
        11,
        15,
        17,
        18,
        19,
        20,
        22,
        24,
        25,
        26,
        28,
        29
    ]
}