{
    "algorithm_name": "GWO",
    "best_fitness": 0.050000000000000044,
    "best_solution": [
        0.7360205326317361,
        0.920304075506941,
        0.3128304298933957,
        0.581429910646473,
        0.6951517828145787,
        0.3441672539656955,
        0.7594744604044771,
        0.21846363477270722,
        0.5786317924938126,
        0.9048920440433382,
        0.6869007864896823,
        0.7684150863438711,
        1.0,
        0.38369368095804895,
        0.24004895759911826
    ],
    "convergence_curve": [
        0.15000000000000002,
        0.15000000000000002,
        0.15000000000000002,
        0.09999999999999998,
        0.09999999999999998,
        0.050000000000000044,
        0.050000000000000044,
        0.050000000000000044,
        0.050000000000000044,
        0.050000000000000044,
        0.050000000000000044,
        0.050000000000000044,
        0.050000000000000044,
        0.050000000000000044,
        0.050000000000000044,
        0.050000000000000044,
        0.050000000000000044,
        0.050000000000000044,
        0.050000000000000044,
        0.050000000000000044,
        0.050000000000000044,
        0.050000000000000044,
        0.050000000000000044,
        0.050000000000000044,
        0.050000000000000044,
        0.050000000000000044,
        0.050000000000000044,
        0.050000000000000044,
        0.050000000000000044,
        0.050000000000000044
    ],
    "execution_time": 1.946380615234375,
    "parameters": {
        "population_size": 20,
        "max_iterations": 30,
        "lower_bound": [
            0.0,
            0.0,
            0.0,
            0.0,
            0.0,
            0.0,
            0.0,
            0.0,
            0.0,
            0.0,
            0.0,
            0.0,
            0.0,
            0.0,
            0.0
        ],
        "upper_bound": [
            1.0,
            1.0,
            1.0,
            1.0,
            1.0,
            1.0,
            1.0,
            1.0,
            1.0,
            1.0,
            1.0,
            1.0,
            1.0,
            1.0,
            1.0
        ],
        "dimensions": 15,
        "verbose": true
    },
    "problem_type": "feature_selection",
    "timestamp": "2025-09-11T00:40:37.974862",
    "n_selected_features": 10,
    "selected_feature_indices": [
        0,
        1,
        3,
        4,
        6,
        8,
        9,
        10,
        11,
        12
    ]
}