{
    "algorithm_name": "PSO",
    "best_fitness": 0.0,
    "best_solution": [
        0.0,
        0.4458942630594404,
        0.0,
        0.526392083825578,
        0.0,
        0.3525194985386678,
        0.9244041135237118,
        0.06220970532813058,
        0.0,
        0.304662035562953
    ],
    "convergence_curve": [
        0.09999999999999998,
        0.0,
        0.0,
        0.0,
        0.0,
        0.0,
        0.0,
        0.0,
        0.0,
        0.0,
        0.0,
        0.0,
        0.0,
        0.0,
        0.0
    ],
    "execution_time": 0.4175448417663574,
    "parameters": {
        "population_size": 10,
        "max_iterations": 15,
        "lower_bound": [
            0.0,
            0.0,
            0.0,
            0.0,
            0.0,
            0.0,
            0.0,
            0.0,
            0.0,
            0.0
        ],
        "upper_bound": [
            1.0,
            1.0,
            1.0,
            1.0,
            1.0,
            1.0,
            1.0,
            1.0,
            1.0,
            1.0
        ],
        "dimensions": 10,
        "verbose": true
    },
    "problem_type": "feature_selection",
    "timestamp": "2025-09-14T02:15:05.270157",
    "n_selected_features": 2,
    "selected_feature_indices": [
        3,
        6
    ]
}