{
    "algorithm_name": "WOA",
    "best_fitness": 0.01754385964912286,
    "best_solution": [
        0.8068520258856446,
        0.5558566277048701,
        0.622101248578038,
        0.03450290226041586,
        0.7587414142351889,
        0.8706529714605798,
        0.26064446602019953,
        0.49697546958261385,
        0.21742364102406064,
        0.9075154137676724,
        0.662604771927295,
        0.9832501953588577,
        0.8898234131465174,
        0.04656063319251791,
        0.8621081061691908,
        0.7284177247912441,
        0.17926721931193024,
        0.1612897471966196,
        0.2057427228287474,
        0.487240099446994,
        0.5248105951026866,
        0.18719893461487314,
        0.12857059129827875,
        0.2608239217928373,
        0.2001349107242415,
        0.17617149955544897,
        0.6969941098239713,
        0.3860842019051318,
        0.7314586851221352,
        0.492176817656784
    ],
    "convergence_curve": [
        0.01754385964912286,
        0.01754385964912286,
        0.01754385964912286,
        0.01754385964912286,
        0.01754385964912286,
        0.01754385964912286,
        0.01754385964912286,
        0.01754385964912286,
        0.01754385964912286,
        0.01754385964912286,
        0.01754385964912286,
        0.01754385964912286,
        0.01754385964912286,
        0.01754385964912286,
        0.01754385964912286,
        0.01754385964912286,
        0.01754385964912286,
        0.01754385964912286,
        0.01754385964912286,
        0.01754385964912286
    ],
    "execution_time": 1.7499127388000488,
    "parameters": {
        "population_size": 15,
        "max_iterations": 20,
        "lower_bound": [
            0.0,
            0.0,
            0.0,
            0.0,
            0.0,
            0.0,
            0.0,
            0.0,
            0.0,
            0.0,
            0.0,
            0.0,
            0.0,
            0.0,
            0.0,
            0.0,
            0.0,
            0.0,
            0.0,
            0.0,
            0.0,
            0.0,
            0.0,
            0.0,
            0.0,
            0.0,
            0.0,
            0.0,
            0.0,
            0.0
        ],
        "upper_bound": [
            1.0,
            1.0,
            1.0,
            1.0,
            1.0,
            1.0,
            1.0,
            1.0,
            1.0,
            1.0,
            1.0,
            1.0,
            1.0,
            1.0,
            1.0,
            1.0,
            1.0,
            1.0,
            1.0,
            1.0,
            1.0,
            1.0,
            1.0,
            1.0,
            1.0,
            1.0,
            1.0,
            1.0,
            1.0,
            1.0
        ],
        "dimensions": 30,
        "verbose": false
    },
    "problem_type": "feature_selection",
    "timestamp": "2025-09-14T02:14:43.925093",
    "n_selected_features": 14,
    "selected_feature_indices": [
        0,
        1,
        2,
        4,
        5,
        9,
        10,
        11,
        12,
        14,
        15,
        20,
        26,
        28
    ]
}