{
    "algorithm_name": "AquilaOptimizer",
    "best_fitness": 0.01754385964912286,
    "best_solution": [
        0.4123193234822847,
        0.39972142317985765,
        0.402455547524038,
        0.7374467592804499,
        0.4769375567910418,
        0.4950183593014294,
        0.48263893119266266,
        0.7974253622477951,
        0.453413283414269,
        0.39460359867754674,
        0.84605471492859,
        0.5842041610642701,
        0.6130447643438468,
        0.385468277019105,
        0.6533337378574469,
        0.3522152529255751,
        0.36671397024532915,
        0.3606653278555557,
        0.8132092045196759,
        0.2700687894772513,
        0.6182580022284088,
        0.394888558243781,
        0.5560314712767669,
        0.45363936776673275,
        0.6553853579073264,
        0.8430041709498588,
        0.21160447186479436,
        0.40352141984002055,
        0.7641231720506556,
        0.3595844716956653
    ],
    "convergence_curve": [
        0.03508771929824561,
        0.02631578947368418,
        0.02631578947368418,
        0.02631578947368418,
        0.02631578947368418,
        0.01754385964912286,
        0.01754385964912286,
        0.01754385964912286,
        0.01754385964912286,
        0.01754385964912286
    ],
    "execution_time": 0.6864969730377197,
    "parameters": {
        "population_size": 10,
        "max_iterations": 10,
        "lower_bound": [
            0.0,
            0.0,
            0.0,
            0.0,
            0.0,
            0.0,
            0.0,
            0.0,
            0.0,
            0.0,
            0.0,
            0.0,
            0.0,
            0.0,
            0.0,
            0.0,
            0.0,
            0.0,
            0.0,
            0.0,
            0.0,
            0.0,
            0.0,
            0.0,
            0.0,
            0.0,
            0.0,
            0.0,
            0.0,
            0.0
        ],
        "upper_bound": [
            1.0,
            1.0,
            1.0,
            1.0,
            1.0,
            1.0,
            1.0,
            1.0,
            1.0,
            1.0,
            1.0,
            1.0,
            1.0,
            1.0,
            1.0,
            1.0,
            1.0,
            1.0,
            1.0,
            1.0,
            1.0,
            1.0,
            1.0,
            1.0,
            1.0,
            1.0,
            1.0,
            1.0,
            1.0,
            1.0
        ],
        "dimensions": 30,
        "verbose": false
    },
    "problem_type": "feature_selection",
    "timestamp": "2025-09-14T02:13:51.859529",
    "n_selected_features": 12,
    "selected_feature_indices": [
        3,
        7,
        10,
        11,
        12,
        14,
        18,
        20,
        22,
        24,
        25,
        28
    ]
}