{
    "algorithm_name": "SineCosinAlgorithm",
    "best_fitness": 0.050000000000000044,
    "best_solution": [
        0.0,
        0.0,
        0.19720078617358178,
        0.08665263808702739,
        0.4878239607758945,
        1.0,
        0.7194876739160744,
        0.0,
        1.0,
        0.6434362765720565,
        1.0,
        0.0176256392373135,
        1.0,
        0.0,
        0.005020071820251651
    ],
    "convergence_curve": [
        0.15000000000000002,
        0.15000000000000002,
        0.15000000000000002,
        0.15000000000000002,
        0.09999999999999998,
        0.09999999999999998,
        0.09999999999999998,
        0.09999999999999998,
        0.09999999999999998,
        0.09999999999999998,
        0.09999999999999998,
        0.09999999999999998,
        0.09999999999999998,
        0.050000000000000044,
        0.050000000000000044,
        0.050000000000000044,
        0.050000000000000044,
        0.050000000000000044,
        0.050000000000000044,
        0.050000000000000044,
        0.050000000000000044,
        0.050000000000000044,
        0.050000000000000044,
        0.050000000000000044,
        0.050000000000000044,
        0.050000000000000044,
        0.050000000000000044,
        0.050000000000000044,
        0.050000000000000044,
        0.050000000000000044
    ],
    "execution_time": 2.058748245239258,
    "parameters": {
        "population_size": 20,
        "max_iterations": 30,
        "lower_bound": [
            0.0,
            0.0,
            0.0,
            0.0,
            0.0,
            0.0,
            0.0,
            0.0,
            0.0,
            0.0,
            0.0,
            0.0,
            0.0,
            0.0,
            0.0
        ],
        "upper_bound": [
            1.0,
            1.0,
            1.0,
            1.0,
            1.0,
            1.0,
            1.0,
            1.0,
            1.0,
            1.0,
            1.0,
            1.0,
            1.0,
            1.0,
            1.0
        ],
        "dimensions": 15,
        "verbose": true
    },
    "problem_type": "feature_selection",
    "timestamp": "2025-09-11T00:40:36.025091",
    "n_selected_features": 6,
    "selected_feature_indices": [
        5,
        6,
        8,
        9,
        10,
        12
    ]
}