iteration,best_fitness
1,0.35
2,0.30000000000000004
3,0.30000000000000004
4,0.30000000000000004
5,0.30000000000000004
6,0.30000000000000004
7,0.30000000000000004
8,0.30000000000000004
9,0.30000000000000004
10,0.25
11,0.25
12,0.25
13,0.25
14,0.25
15,0.25
16,0.25
17,0.25
18,0.25
19,0.25
20,0.25
