{
    "algorithm_name": "SineCosinAlgorithm",
    "best_fitness": 0.01754385964912286,
    "best_solution": [
        0.3578486878425077,
        0.0,
        0.08149277397849386,
        1.0,
        0.35076590359601795,
        0.5780984330599177,
        0.11778119830281794,
        0.20047403274888015,
        0.0,
        0.9311217107701085,
        0.12442224305178913,
        0.07360547857601074,
        0.028975139727219427,
        0.0,
        0.730136531003754,
        0.8051079927788947,
        0.0,
        0.06647604762087209,
        0.0,
        0.0,
        0.13184363822783293,
        0.0,
        1.0,
        0.0,
        0.007078254118391233,
        0.0,
        0.0,
        0.5060193075725005,
        0.18480291157509854,
        0.48113467740005134
    ],
    "convergence_curve": [
        0.052631578947368474,
        0.052631578947368474,
        0.052631578947368474,
        0.03508771929824561,
        0.03508771929824561,
        0.03508771929824561,
        0.02631578947368418,
        0.01754385964912286,
        0.01754385964912286,
        0.01754385964912286,
        0.01754385964912286,
        0.01754385964912286,
        0.01754385964912286,
        0.01754385964912286,
        0.01754385964912286,
        0.01754385964912286,
        0.01754385964912286,
        0.01754385964912286,
        0.01754385964912286,
        0.01754385964912286,
        0.01754385964912286,
        0.01754385964912286,
        0.01754385964912286,
        0.01754385964912286,
        0.01754385964912286,
        0.01754385964912286,
        0.01754385964912286,
        0.01754385964912286,
        0.01754385964912286,
        0.01754385964912286
    ],
    "execution_time": 1.5326042175292969,
    "parameters": {
        "population_size": 15,
        "max_iterations": 30,
        "lower_bound": [
            0.0,
            0.0,
            0.0,
            0.0,
            0.0,
            0.0,
            0.0,
            0.0,
            0.0,
            0.0,
            0.0,
            0.0,
            0.0,
            0.0,
            0.0,
            0.0,
            0.0,
            0.0,
            0.0,
            0.0,
            0.0,
            0.0,
            0.0,
            0.0,
            0.0,
            0.0,
            0.0,
            0.0,
            0.0,
            0.0
        ],
        "upper_bound": [
            1.0,
            1.0,
            1.0,
            1.0,
            1.0,
            1.0,
            1.0,
            1.0,
            1.0,
            1.0,
            1.0,
            1.0,
            1.0,
            1.0,
            1.0,
            1.0,
            1.0,
            1.0,
            1.0,
            1.0,
            1.0,
            1.0,
            1.0,
            1.0,
            1.0,
            1.0,
            1.0,
            1.0,
            1.0,
            1.0
        ],
        "dimensions": 30,
        "verbose": false
    },
    "problem_type": "feature_selection",
    "timestamp": "2025-09-14T02:07:04.230272",
    "n_selected_features": 7,
    "selected_feature_indices": [
        3,
        5,
        9,
        14,
        15,
        22,
        27
    ]
}