{
    "algorithm_name": "PSO",
    "best_fitness": 0.0,
    "best_solution": [
        0.8950375883426152,
        0.5151142204297817,
        0.3170519881889121,
        0.11960930375249457,
        0.1612131517970974,
        0.6761468712734549,
        0.8174418163332806,
        0.3437955392694594,
        0.3551666825533446,
        0.9770287261428302
    ],
    "convergence_curve": [
        0.0,
        0.0,
        0.0,
        0.0,
        0.0,
        0.0,
        0.0,
        0.0,
        0.0,
        0.0,
        0.0,
        0.0,
        0.0,
        0.0,
        0.0
    ],
    "execution_time": 0.42418384552001953,
    "parameters": {
        "population_size": 10,
        "max_iterations": 15,
        "lower_bound": [
            0.0,
            0.0,
            0.0,
            0.0,
            0.0,
            0.0,
            0.0,
            0.0,
            0.0,
            0.0
        ],
        "upper_bound": [
            1.0,
            1.0,
            1.0,
            1.0,
            1.0,
            1.0,
            1.0,
            1.0,
            1.0,
            1.0
        ],
        "dimensions": 10,
        "verbose": true
    },
    "problem_type": "feature_selection",
    "timestamp": "2025-09-14T02:13:40.694442",
    "n_selected_features": 5,
    "selected_feature_indices": [
        0,
        1,
        5,
        6,
        9
    ]
}