{
    "algorithm_name": "WOA",
    "best_fitness": 0.01754385964912286,
    "best_solution": [
        0.0,
        0.08595494073030197,
        0.33663725998003324,
        0.8735250004203122,
        4.237024162290215e-05,
        0.0,
        0.0,
        0.0,
        0.7723301924013317,
        0.06408614095232093,
        0.7572647025016981,
        0.02688331922009113,
        0.18155228483217895,
        0.3451059339818698,
        0.14887471078411485,
        0.2590130878065199,
        0.007725847039618719,
        0.18520324974008126,
        0.6150462020180723,
        0.518657612201558,
        0.3381130798484803,
        0.0,
        0.6000720311212677,
        0.0,
        0.8702790657302893,
        0.0,
        0.8702790657302893,
        0.0,
        0.0,
        0.024630176205687415
    ],
    "convergence_curve": [
        0.02631578947368418,
        0.02631578947368418,
        0.02631578947368418,
        0.02631578947368418,
        0.02631578947368418,
        0.02631578947368418,
        0.02631578947368418,
        0.02631578947368418,
        0.02631578947368418,
        0.02631578947368418,
        0.02631578947368418,
        0.02631578947368418,
        0.02631578947368418,
        0.01754385964912286,
        0.01754385964912286,
        0.01754385964912286,
        0.01754385964912286,
        0.01754385964912286,
        0.01754385964912286,
        0.01754385964912286,
        0.01754385964912286,
        0.01754385964912286,
        0.01754385964912286,
        0.01754385964912286,
        0.01754385964912286,
        0.01754385964912286,
        0.01754385964912286,
        0.01754385964912286,
        0.01754385964912286,
        0.01754385964912286
    ],
    "execution_time": 3.579317092895508,
    "parameters": {
        "population_size": 20,
        "max_iterations": 30,
        "lower_bound": [
            0.0,
            0.0,
            0.0,
            0.0,
            0.0,
            0.0,
            0.0,
            0.0,
            0.0,
            0.0,
            0.0,
            0.0,
            0.0,
            0.0,
            0.0,
            0.0,
            0.0,
            0.0,
            0.0,
            0.0,
            0.0,
            0.0,
            0.0,
            0.0,
            0.0,
            0.0,
            0.0,
            0.0,
            0.0,
            0.0
        ],
        "upper_bound": [
            1.0,
            1.0,
            1.0,
            1.0,
            1.0,
            1.0,
            1.0,
            1.0,
            1.0,
            1.0,
            1.0,
            1.0,
            1.0,
            1.0,
            1.0,
            1.0,
            1.0,
            1.0,
            1.0,
            1.0,
            1.0,
            1.0,
            1.0,
            1.0,
            1.0,
            1.0,
            1.0,
            1.0,
            1.0,
            1.0
        ],
        "dimensions": 30,
        "verbose": false
    },
    "problem_type": "feature_selection",
    "timestamp": "2025-09-14T14:49:59.607377",
    "n_selected_features": 8,
    "selected_feature_indices": [
        3,
        8,
        10,
        18,
        19,
        22,
        24,
        26
    ]
}