{
    "algorithm_name": "AquilaOptimizer",
    "best_fitness": 0.025000000000000022,
    "best_solution": [
        0.947137699603748,
        0.6423384157822218,
        0.9981343302557257,
        0.8722698619999448,
        0.6595962880694124,
        0.29393247122260924,
        0.19592526006543054,
        0.23962281848164957,
        0.9706354942504297,
        0.6431050523457066,
        0.4917976291943972,
        0.4618160784756592,
        0.971629463694937,
        0.6960763427768587,
        0.7112776535870292,
        0.1312356770238554,
        0.7739512720041446,
        0.6032009680115881,
        0.8977078174358214,
        0.3408802082080613
    ],
    "convergence_curve": [
        0.025000000000000022,
        0.025000000000000022,
        0.025000000000000022,
        0.025000000000000022,
        0.025000000000000022,
        0.025000000000000022,
        0.025000000000000022,
        0.025000000000000022,
        0.025000000000000022,
        0.025000000000000022,
        0.025000000000000022,
        0.025000000000000022,
        0.025000000000000022,
        0.025000000000000022,
        0.025000000000000022,
        0.025000000000000022,
        0.025000000000000022,
        0.025000000000000022,
        0.025000000000000022,
        0.025000000000000022,
        0.025000000000000022,
        0.025000000000000022,
        0.025000000000000022,
        0.025000000000000022,
        0.025000000000000022,
        0.025000000000000022,
        0.025000000000000022,
        0.025000000000000022,
        0.025000000000000022,
        0.025000000000000022,
        0.025000000000000022,
        0.025000000000000022,
        0.025000000000000022,
        0.025000000000000022,
        0.025000000000000022,
        0.025000000000000022,
        0.025000000000000022,
        0.025000000000000022,
        0.025000000000000022,
        0.025000000000000022,
        0.025000000000000022,
        0.025000000000000022,
        0.025000000000000022,
        0.025000000000000022,
        0.025000000000000022,
        0.025000000000000022,
        0.025000000000000022,
        0.025000000000000022,
        0.025000000000000022,
        0.025000000000000022
    ],
    "execution_time": 5.696121692657471,
    "parameters": {
        "population_size": 20,
        "max_iterations": 50,
        "lower_bound": [
            0.0,
            0.0,
            0.0,
            0.0,
            0.0,
            0.0,
            0.0,
            0.0,
            0.0,
            0.0,
            0.0,
            0.0,
            0.0,
            0.0,
            0.0,
            0.0,
            0.0,
            0.0,
            0.0,
            0.0
        ],
        "upper_bound": [
            1.0,
            1.0,
            1.0,
            1.0,
            1.0,
            1.0,
            1.0,
            1.0,
            1.0,
            1.0,
            1.0,
            1.0,
            1.0,
            1.0,
            1.0,
            1.0,
            1.0,
            1.0,
            1.0,
            1.0
        ],
        "dimensions": 20,
        "verbose": true
    },
    "problem_type": "feature_selection",
    "timestamp": "2025-09-14T02:06:26.932779",
    "n_selected_features": 13,
    "selected_feature_indices": [
        0,
        1,
        2,
        3,
        4,
        8,
        9,
        12,
        13,
        14,
        16,
        17,
        18
    ]
}