{
    "algorithm_name": "SineCosinAlgorithm",
    "best_fitness": 0.01754385964912286,
    "best_solution": [
        0.45610342745489857,
        0.0,
        0.3071671963431871,
        0.8487317525164603,
        1.0,
        1.0,
        0.13950291502232376,
        0.9792917739181572,
        1.0,
        0.0,
        0.1471701129977515,
        1.0,
        0.10972899342181464,
        0.050941993230525444,
        0.0,
        1.0,
        0.3190830186105119,
        0.0,
        0.23654009314337265,
        0.8990563603025993,
        0.0,
        0.0,
        0.675779939516636,
        0.35650196952750024,
        0.1782703408312353,
        0.0,
        1.0,
        0.34022158612273606,
        0.0,
        0.0
    ],
    "convergence_curve": [
        0.02631578947368418,
        0.01754385964912286,
        0.01754385964912286,
        0.01754385964912286,
        0.01754385964912286,
        0.01754385964912286,
        0.01754385964912286,
        0.01754385964912286,
        0.01754385964912286,
        0.01754385964912286,
        0.01754385964912286,
        0.01754385964912286,
        0.01754385964912286,
        0.01754385964912286,
        0.01754385964912286,
        0.01754385964912286,
        0.01754385964912286,
        0.01754385964912286,
        0.01754385964912286,
        0.01754385964912286,
        0.01754385964912286,
        0.01754385964912286,
        0.01754385964912286,
        0.01754385964912286,
        0.01754385964912286,
        0.01754385964912286,
        0.01754385964912286,
        0.01754385964912286,
        0.01754385964912286,
        0.01754385964912286,
        0.01754385964912286,
        0.01754385964912286,
        0.01754385964912286,
        0.01754385964912286,
        0.01754385964912286,
        0.01754385964912286,
        0.01754385964912286,
        0.01754385964912286,
        0.01754385964912286,
        0.01754385964912286
    ],
    "execution_time": 3.8910791873931885,
    "parameters": {
        "population_size": 25,
        "max_iterations": 40,
        "lower_bound": [
            0.0,
            0.0,
            0.0,
            0.0,
            0.0,
            0.0,
            0.0,
            0.0,
            0.0,
            0.0,
            0.0,
            0.0,
            0.0,
            0.0,
            0.0,
            0.0,
            0.0,
            0.0,
            0.0,
            0.0,
            0.0,
            0.0,
            0.0,
            0.0,
            0.0,
            0.0,
            0.0,
            0.0,
            0.0,
            0.0
        ],
        "upper_bound": [
            1.0,
            1.0,
            1.0,
            1.0,
            1.0,
            1.0,
            1.0,
            1.0,
            1.0,
            1.0,
            1.0,
            1.0,
            1.0,
            1.0,
            1.0,
            1.0,
            1.0,
            1.0,
            1.0,
            1.0,
            1.0,
            1.0,
            1.0,
            1.0,
            1.0,
            1.0,
            1.0,
            1.0,
            1.0,
            1.0
        ],
        "dimensions": 30,
        "verbose": false
    },
    "problem_type": "feature_selection",
    "timestamp": "2025-09-14T14:49:26.009324",
    "n_selected_features": 10,
    "selected_feature_indices": [
        3,
        4,
        5,
        7,
        8,
        11,
        15,
        19,
        22,
        26
    ]
}