{
    "algorithm_name": "FA",
    "best_fitness": 0.02631578947368418,
    "best_solution": [
        0.6839270007178171,
        0.8670222926490435,
        0.378918573294895,
        0.6230482826887193,
        0.4660415653847805,
        0.713063065413516,
        0.4537699997767315,
        0.820885753777098,
        0.4272352345071454,
        0.3537734215152134,
        0.4741249489043703,
        0.06142867536561436,
        0.06187538926478009,
        0.7951109049663695,
        0.6670911432706449,
        0.1875926689679981,
        0.3381426938565931,
        0.7869165434612304,
        0.6785364760908619,
        0.9459587564119422,
        0.5813880611833017,
        0.3421347963876965,
        0.897270094273266,
        0.0913994503766975,
        0.06501140539577865,
        0.2553244297356124,
        0.7767663163890348,
        0.8329392738639726,
        0.9433553375487176,
        0.2926858509792186
    ],
    "convergence_curve": [
        0.02631578947368418,
        0.02631578947368418,
        0.02631578947368418,
        0.02631578947368418,
        0.02631578947368418,
        0.02631578947368418,
        0.02631578947368418,
        0.02631578947368418,
        0.02631578947368418,
        0.02631578947368418,
        0.02631578947368418,
        0.02631578947368418,
        0.02631578947368418,
        0.02631578947368418,
        0.02631578947368418,
        0.02631578947368418,
        0.02631578947368418,
        0.02631578947368418,
        0.02631578947368418,
        0.02631578947368418
    ],
    "execution_time": 2.2054030895233154,
    "parameters": {
        "population_size": 15,
        "max_iterations": 20,
        "lower_bound": [
            0.0,
            0.0,
            0.0,
            0.0,
            0.0,
            0.0,
            0.0,
            0.0,
            0.0,
            0.0,
            0.0,
            0.0,
            0.0,
            0.0,
            0.0,
            0.0,
            0.0,
            0.0,
            0.0,
            0.0,
            0.0,
            0.0,
            0.0,
            0.0,
            0.0,
            0.0,
            0.0,
            0.0,
            0.0,
            0.0
        ],
        "upper_bound": [
            1.0,
            1.0,
            1.0,
            1.0,
            1.0,
            1.0,
            1.0,
            1.0,
            1.0,
            1.0,
            1.0,
            1.0,
            1.0,
            1.0,
            1.0,
            1.0,
            1.0,
            1.0,
            1.0,
            1.0,
            1.0,
            1.0,
            1.0,
            1.0,
            1.0,
            1.0,
            1.0,
            1.0,
            1.0,
            1.0
        ],
        "dimensions": 30,
        "verbose": false
    },
    "problem_type": "feature_selection",
    "timestamp": "2025-09-14T02:14:48.143000",
    "n_selected_features": 15,
    "selected_feature_indices": [
        0,
        1,
        3,
        5,
        7,
        13,
        14,
        17,
        18,
        19,
        20,
        22,
        26,
        27,
        28
    ]
}