{
    "algorithm_name": "AquilaOptimizer",
    "best_fitness": 0.0,
    "best_solution": [
        0.581383364754087,
        0.9982759765733508,
        0.19756215211722905,
        0.19086085216707294,
        0.8233514199252756
    ],
    "convergence_curve": [
        0.0,
        0.0,
        0.0,
        0.0,
        0.0,
        0.0,
        0.0,
        0.0,
        0.0,
        0.0,
        0.0,
        0.0,
        0.0,
        0.0,
        0.0,
        0.0,
        0.0,
        0.0,
        0.0,
        0.0
    ],
    "execution_time": 0.658010721206665,
    "parameters": {
        "population_size": 15,
        "max_iterations": 20,
        "lower_bound": [
            0.0,
            0.0,
            0.0,
            0.0,
            0.0
        ],
        "upper_bound": [
            1.0,
            1.0,
            1.0,
            1.0,
            1.0
        ],
        "dimensions": 5,
        "verbose": false
    },
    "problem_type": "feature_selection",
    "timestamp": "2025-09-14T01:44:21.387996",
    "n_selected_features": 3,
    "selected_feature_indices": [
        0,
        1,
        4
    ]
}