{
    "algorithm_name": "AquilaOptimizer",
    "best_fitness": 0.01754385964912286,
    "best_solution": [
        0.3592585083068214,
        0.16059059499095807,
        0.24915199498132623,
        0.7391479129876035,
        0.8335659547829445,
        0.9505831783024407,
        0.23047899650328774,
        0.7983101648102713,
        0.020279863477253635,
        0.37937483281180207,
        0.5552270354581431,
        0.30225962879602897,
        0.8495066245919453,
        0.2994359230204322,
        0.5941517087037983,
        0.10877457047222361,
        0.5473885528221063,
        0.5333646940039567,
        0.7635184342216225,
        0.46845389695412853,
        0.9845815187713522,
        0.2154408115278984,
        0.5757231067059617,
        0.04018576855329825,
        0.14768414577543165,
        0.8561204468817876,
        0.25857669798331007,
        0.5301252135761971,
        0.8074057396978526,
        0.2910440180970091
    ],
    "convergence_curve": [
        0.01754385964912286,
        0.01754385964912286,
        0.01754385964912286,
        0.01754385964912286,
        0.01754385964912286,
        0.01754385964912286,
        0.01754385964912286,
        0.01754385964912286,
        0.01754385964912286,
        0.01754385964912286,
        0.01754385964912286,
        0.01754385964912286,
        0.01754385964912286,
        0.01754385964912286,
        0.01754385964912286
    ],
    "execution_time": 0.8946034908294678,
    "parameters": {
        "population_size": 10,
        "max_iterations": 15,
        "lower_bound": [
            0.0,
            0.0,
            0.0,
            0.0,
            0.0,
            0.0,
            0.0,
            0.0,
            0.0,
            0.0,
            0.0,
            0.0,
            0.0,
            0.0,
            0.0,
            0.0,
            0.0,
            0.0,
            0.0,
            0.0,
            0.0,
            0.0,
            0.0,
            0.0,
            0.0,
            0.0,
            0.0,
            0.0,
            0.0,
            0.0
        ],
        "upper_bound": [
            1.0,
            1.0,
            1.0,
            1.0,
            1.0,
            1.0,
            1.0,
            1.0,
            1.0,
            1.0,
            1.0,
            1.0,
            1.0,
            1.0,
            1.0,
            1.0,
            1.0,
            1.0,
            1.0,
            1.0,
            1.0,
            1.0,
            1.0,
            1.0,
            1.0,
            1.0,
            1.0,
            1.0,
            1.0,
            1.0
        ],
        "dimensions": 30,
        "verbose": false
    },
    "problem_type": "feature_selection",
    "timestamp": "2025-09-14T14:49:17.510827",
    "n_selected_features": 15,
    "selected_feature_indices": [
        3,
        4,
        5,
        7,
        10,
        12,
        14,
        16,
        17,
        18,
        20,
        22,
        25,
        27,
        28
    ]
}