{
    "algorithm_name": "BA",
    "best_fitness": 0.02777777777777779,
    "best_solution": [
        0.8719827682822915,
        0.2910895054272483,
        0.2509818618313676,
        0.6649426612998705,
        0.4494765306477322,
        0.7876404015168146,
        0.38958469281993424,
        0.38677439328382435,
        0.7806454445120788,
        0.7531708150778992,
        0.7397131854868285,
        0.7423258698932439,
        0.16960698765031645
    ],
    "convergence_curve": [
        0.02777777777777779,
        0.02777777777777779,
        0.02777777777777779,
        0.02777777777777779,
        0.02777777777777779,
        0.02777777777777779,
        0.02777777777777779,
        0.02777777777777779,
        0.02777777777777779,
        0.02777777777777779,
        0.02777777777777779,
        0.02777777777777779,
        0.02777777777777779,
        0.02777777777777779,
        0.02777777777777779,
        0.02777777777777779,
        0.02777777777777779,
        0.02777777777777779,
        0.02777777777777779,
        0.02777777777777779,
        0.02777777777777779,
        0.02777777777777779,
        0.02777777777777779,
        0.02777777777777779,
        0.02777777777777779,
        0.02777777777777779,
        0.02777777777777779,
        0.02777777777777779,
        0.02777777777777779,
        0.02777777777777779
    ],
    "execution_time": 1.953852891921997,
    "parameters": {
        "population_size": 20,
        "max_iterations": 30,
        "lower_bound": [
            0.0,
            0.0,
            0.0,
            0.0,
            0.0,
            0.0,
            0.0,
            0.0,
            0.0,
            0.0,
            0.0,
            0.0,
            0.0
        ],
        "upper_bound": [
            1.0,
            1.0,
            1.0,
            1.0,
            1.0,
            1.0,
            1.0,
            1.0,
            1.0,
            1.0,
            1.0,
            1.0,
            1.0
        ],
        "dimensions": 13,
        "verbose": false
    },
    "problem_type": "feature_selection",
    "timestamp": "2025-09-14T02:17:27.170379",
    "n_selected_features": 7,
    "selected_feature_indices": [
        0,
        3,
        5,
        8,
        9,
        10,
        11
    ]
}