{
    "algorithm_name": "ACO",
    "best_fitness": 0.02631578947368418,
    "best_solution": [
        0.691600162614923,
        0.4512938134820533,
        0.43416879222583715,
        0.6543584340729262,
        0.16338469701950462,
        0.7814364393531865,
        0.8196074193799529,
        0.7455889747344617,
        1.0,
        0.11096674676194723,
        0.8085514253671087,
        0.5688759561892897,
        0.4598136682255577,
        0.8799329888353096,
        0.33593633089682673,
        0.595654978742906,
        0.677372351163639,
        0.6873071887337765,
        0.20119175187845614,
        0.19450429828817517,
        0.6685311417872539,
        0.42765070370975466,
        0.7724033082393365,
        0.0,
        0.6419268386174581,
        0.10241632617823415,
        0.302416624631747,
        0.22098860780709037,
        0.47011460550695583,
        1.0
    ],
    "convergence_curve": [
        0.02631578947368418,
        0.02631578947368418,
        0.02631578947368418,
        0.02631578947368418,
        0.02631578947368418,
        0.02631578947368418,
        0.02631578947368418,
        0.02631578947368418,
        0.02631578947368418,
        0.02631578947368418,
        0.02631578947368418,
        0.02631578947368418,
        0.02631578947368418,
        0.02631578947368418,
        0.02631578947368418,
        0.02631578947368418,
        0.02631578947368418,
        0.02631578947368418,
        0.02631578947368418,
        0.02631578947368418
    ],
    "execution_time": 2.8394343852996826,
    "parameters": {
        "population_size": 15,
        "max_iterations": 20,
        "lower_bound": [
            0.0,
            0.0,
            0.0,
            0.0,
            0.0,
            0.0,
            0.0,
            0.0,
            0.0,
            0.0,
            0.0,
            0.0,
            0.0,
            0.0,
            0.0,
            0.0,
            0.0,
            0.0,
            0.0,
            0.0,
            0.0,
            0.0,
            0.0,
            0.0,
            0.0,
            0.0,
            0.0,
            0.0,
            0.0,
            0.0
        ],
        "upper_bound": [
            1.0,
            1.0,
            1.0,
            1.0,
            1.0,
            1.0,
            1.0,
            1.0,
            1.0,
            1.0,
            1.0,
            1.0,
            1.0,
            1.0,
            1.0,
            1.0,
            1.0,
            1.0,
            1.0,
            1.0,
            1.0,
            1.0,
            1.0,
            1.0,
            1.0,
            1.0,
            1.0,
            1.0,
            1.0,
            1.0
        ],
        "dimensions": 30,
        "verbose": false
    },
    "problem_type": "feature_selection",
    "timestamp": "2025-09-14T02:13:30.555492",
    "n_selected_features": 16,
    "selected_feature_indices": [
        0,
        3,
        5,
        6,
        7,
        8,
        10,
        11,
        13,
        15,
        16,
        17,
        20,
        22,
        24,
        29
    ]
}