{
    "algorithm_name": "PSO",
    "best_fitness": 0.09999999999999998,
    "best_solution": [
        0.005162669773222106,
        0.08059351785296975,
        0.6227555268826767,
        0.05184192326525339,
        0.4037675403519614
    ],
    "convergence_curve": [
        0.09999999999999998,
        0.09999999999999998,
        0.09999999999999998,
        0.09999999999999998,
        0.09999999999999998,
        0.09999999999999998,
        0.09999999999999998,
        0.09999999999999998,
        0.09999999999999998,
        0.09999999999999998
    ],
    "execution_time": 0.23486542701721191,
    "parameters": {
        "population_size": 10,
        "max_iterations": 10,
        "lower_bound": [
            0.0,
            0.0,
            0.0,
            0.0,
            0.0
        ],
        "upper_bound": [
            1.0,
            1.0,
            1.0,
            1.0,
            1.0
        ],
        "dimensions": 5,
        "verbose": true
    },
    "problem_type": "feature_selection",
    "timestamp": "2025-09-14T01:34:20.570700",
    "n_selected_features": 1,
    "selected_feature_indices": [
        2
    ]
}