{
    "algorithm_name": "AquilaOptimizer",
    "best_fitness": 0.02777777777777779,
    "best_solution": [
        0.7855688515375991,
        0.6213864118027754,
        0.5898076158793043,
        0.5688162511240432,
        0.27838280749171906,
        0.9105536729025359,
        0.6266358560796983,
        0.6222440201721988,
        0.3301289338816063,
        0.5456470367536075,
        0.4101505166153819,
        0.5914216262316232,
        0.17679055217925133
    ],
    "convergence_curve": [
        0.05555555555555558,
        0.02777777777777779,
        0.02777777777777779,
        0.02777777777777779,
        0.02777777777777779,
        0.02777777777777779,
        0.02777777777777779,
        0.02777777777777779,
        0.02777777777777779,
        0.02777777777777779,
        0.02777777777777779,
        0.02777777777777779,
        0.02777777777777779,
        0.02777777777777779,
        0.02777777777777779
    ],
    "execution_time": 0.35643959045410156,
    "parameters": {
        "population_size": 10,
        "max_iterations": 15,
        "lower_bound": [
            0.0,
            0.0,
            0.0,
            0.0,
            0.0,
            0.0,
            0.0,
            0.0,
            0.0,
            0.0,
            0.0,
            0.0,
            0.0
        ],
        "upper_bound": [
            1.0,
            1.0,
            1.0,
            1.0,
            1.0,
            1.0,
            1.0,
            1.0,
            1.0,
            1.0,
            1.0,
            1.0,
            1.0
        ],
        "dimensions": 13,
        "verbose": false
    },
    "problem_type": "feature_selection",
    "timestamp": "2025-09-14T02:17:54.795968",
    "n_selected_features": 9,
    "selected_feature_indices": [
        0,
        1,
        2,
        3,
        5,
        6,
        7,
        9,
        11
    ]
}