iteration,best_fitness
1,0.35
2,0.30000000000000004
3,0.19999999999999996
4,0.09999999999999998
5,0.09999999999999998
6,0.09999999999999998
7,0.09999999999999998
8,0.09999999999999998
9,0.09999999999999998
10,0.09999999999999998
11,0.09999999999999998
12,0.09999999999999998
13,0.09999999999999998
14,0.09999999999999998
15,0.09999999999999998
16,0.09999999999999998
17,0.09999999999999998
18,0.09999999999999998
19,0.09999999999999998
20,0.09999999999999998
