{
    "algorithm_name": "AquilaOptimizer",
    "best_fitness": 0.01754385964912286,
    "best_solution": [
        0.9005953743761083,
        0.023399829437536823,
        0.253433301337308,
        0.6701521501160581,
        0.9115570347875052,
        0.02358570172305241,
        0.7722334313127718,
        0.22176179482229252,
        0.20775973101713197,
        0.5163147235415171,
        0.24880202216784608,
        0.6637902953413964,
        0.5240026100121388,
        0.31601381699958786,
        0.653524423956018,
        0.8256293022191207,
        0.08432535812640196,
        0.5271110570804641,
        0.31949997236447036,
        0.2250612303732712,
        0.17137902480457468,
        0.18936704370685964,
        0.8802156014460661,
        0.1847106923214047,
        0.6077706794329093,
        0.3537346472267976,
        0.9958859613700894,
        0.6899377802162655,
        0.7173553152317296,
        0.6785404108501288
    ],
    "convergence_curve": [
        0.01754385964912286,
        0.01754385964912286,
        0.01754385964912286,
        0.01754385964912286,
        0.01754385964912286,
        0.01754385964912286,
        0.01754385964912286,
        0.01754385964912286,
        0.01754385964912286,
        0.01754385964912286,
        0.01754385964912286,
        0.01754385964912286,
        0.01754385964912286,
        0.01754385964912286,
        0.01754385964912286,
        0.01754385964912286,
        0.01754385964912286,
        0.01754385964912286,
        0.01754385964912286,
        0.01754385964912286,
        0.01754385964912286,
        0.01754385964912286,
        0.01754385964912286,
        0.01754385964912286,
        0.01754385964912286
    ],
    "execution_time": 3.131279230117798,
    "parameters": {
        "population_size": 20,
        "max_iterations": 25,
        "lower_bound": [
            0.0,
            0.0,
            0.0,
            0.0,
            0.0,
            0.0,
            0.0,
            0.0,
            0.0,
            0.0,
            0.0,
            0.0,
            0.0,
            0.0,
            0.0,
            0.0,
            0.0,
            0.0,
            0.0,
            0.0,
            0.0,
            0.0,
            0.0,
            0.0,
            0.0,
            0.0,
            0.0,
            0.0,
            0.0,
            0.0
        ],
        "upper_bound": [
            1.0,
            1.0,
            1.0,
            1.0,
            1.0,
            1.0,
            1.0,
            1.0,
            1.0,
            1.0,
            1.0,
            1.0,
            1.0,
            1.0,
            1.0,
            1.0,
            1.0,
            1.0,
            1.0,
            1.0,
            1.0,
            1.0,
            1.0,
            1.0,
            1.0,
            1.0,
            1.0,
            1.0,
            1.0,
            1.0
        ],
        "dimensions": 30,
        "verbose": false
    },
    "problem_type": "feature_selection",
    "timestamp": "2025-09-14T14:52:31.749580",
    "n_selected_features": 16,
    "selected_feature_indices": [
        0,
        3,
        4,
        6,
        9,
        11,
        12,
        14,
        15,
        17,
        22,
        24,
        26,
        27,
        28,
        29
    ]
}