{
    "algorithm_name": "DE",
    "best_fitness": 0.01754385964912286,
    "best_solution": [
        0.21016857244764334,
        0.3633269818997049,
        0.41897715459368123,
        0.7899270682906328,
        0.781891072007964,
        0.5938703362225392,
        1.0,
        0.6233108924188255,
        0.4327674102177972,
        0.7191790578903879,
        0.17923207890325699,
        0.9180479987744405,
        0.8298155996718015,
        0.15531827987893176,
        0.12796093976602405,
        0.6905050487680102,
        1.0,
        0.5848770648055984,
        0.5365137749639506,
        0.4521144470654118,
        0.0,
        0.2805244606794169,
        0.5086653884369007,
        0.21886228645988579,
        0.35331839484507144,
        0.23671419420208079,
        0.9434048466230507,
        0.027115795129815212,
        0.975554709732599,
        0.4963841198412086
    ],
    "convergence_curve": [
        0.03508771929824561,
        0.02631578947368418,
        0.02631578947368418,
        0.01754385964912286,
        0.01754385964912286,
        0.01754385964912286,
        0.01754385964912286,
        0.01754385964912286,
        0.01754385964912286,
        0.01754385964912286,
        0.01754385964912286,
        0.01754385964912286,
        0.01754385964912286,
        0.01754385964912286,
        0.01754385964912286,
        0.01754385964912286,
        0.01754385964912286,
        0.01754385964912286,
        0.01754385964912286,
        0.01754385964912286
    ],
    "execution_time": 2.097351312637329,
    "parameters": {
        "population_size": 15,
        "max_iterations": 20,
        "lower_bound": [
            0.0,
            0.0,
            0.0,
            0.0,
            0.0,
            0.0,
            0.0,
            0.0,
            0.0,
            0.0,
            0.0,
            0.0,
            0.0,
            0.0,
            0.0,
            0.0,
            0.0,
            0.0,
            0.0,
            0.0,
            0.0,
            0.0,
            0.0,
            0.0,
            0.0,
            0.0,
            0.0,
            0.0,
            0.0,
            0.0
        ],
        "upper_bound": [
            1.0,
            1.0,
            1.0,
            1.0,
            1.0,
            1.0,
            1.0,
            1.0,
            1.0,
            1.0,
            1.0,
            1.0,
            1.0,
            1.0,
            1.0,
            1.0,
            1.0,
            1.0,
            1.0,
            1.0,
            1.0,
            1.0,
            1.0,
            1.0,
            1.0,
            1.0,
            1.0,
            1.0,
            1.0,
            1.0
        ],
        "dimensions": 30,
        "verbose": false
    },
    "problem_type": "feature_selection",
    "timestamp": "2025-09-14T02:13:24.033175",
    "n_selected_features": 15,
    "selected_feature_indices": [
        3,
        4,
        5,
        6,
        7,
        9,
        11,
        12,
        15,
        16,
        17,
        18,
        22,
        26,
        28
    ]
}