{
    "algorithm_name": "AquilaOptimizer",
    "best_fitness": 0.02631578947368418,
    "best_solution": [
        0.5206207244549266,
        0.3822704720603811,
        0.20588071714868617,
        0.8301552469029482,
        0.7945113677686579,
        0.5974194893920718,
        0.2711938122511091,
        0.8469764273767859,
        0.45354368188139094,
        0.2283053620393045,
        1.0,
        0.4186498848302629,
        0.5763620283939119,
        0.897311013073048,
        0.795669971960872,
        0.6938407082850134,
        0.5455346735227288,
        0.884798816458074,
        0.7810866799734838,
        0.24612586085724858,
        0.3816676165532085,
        0.367080758847082,
        1.0,
        0.09828168694588262,
        0.8056840248459023,
        0.8055462328018855,
        0.5854588543473317,
        0.4965295005930047,
        0.7154194264303209,
        0.9368994229200122
    ],
    "convergence_curve": [
        0.03508771929824561,
        0.02631578947368418,
        0.02631578947368418,
        0.02631578947368418,
        0.02631578947368418,
        0.02631578947368418,
        0.02631578947368418,
        0.02631578947368418,
        0.02631578947368418,
        0.02631578947368418,
        0.02631578947368418,
        0.02631578947368418,
        0.02631578947368418,
        0.02631578947368418,
        0.02631578947368418,
        0.02631578947368418,
        0.02631578947368418,
        0.02631578947368418,
        0.02631578947368418,
        0.02631578947368418
    ],
    "execution_time": 3.864248037338257,
    "parameters": {
        "population_size": 15,
        "max_iterations": 20,
        "lower_bound": [
            0.0,
            0.0,
            0.0,
            0.0,
            0.0,
            0.0,
            0.0,
            0.0,
            0.0,
            0.0,
            0.0,
            0.0,
            0.0,
            0.0,
            0.0,
            0.0,
            0.0,
            0.0,
            0.0,
            0.0,
            0.0,
            0.0,
            0.0,
            0.0,
            0.0,
            0.0,
            0.0,
            0.0,
            0.0,
            0.0
        ],
        "upper_bound": [
            1.0,
            1.0,
            1.0,
            1.0,
            1.0,
            1.0,
            1.0,
            1.0,
            1.0,
            1.0,
            1.0,
            1.0,
            1.0,
            1.0,
            1.0,
            1.0,
            1.0,
            1.0,
            1.0,
            1.0,
            1.0,
            1.0,
            1.0,
            1.0,
            1.0,
            1.0,
            1.0,
            1.0,
            1.0,
            1.0
        ],
        "dimensions": 30,
        "verbose": false
    },
    "problem_type": "feature_selection",
    "timestamp": "2025-09-14T14:52:09.981923",
    "n_selected_features": 19,
    "selected_feature_indices": [
        0,
        3,
        4,
        5,
        7,
        10,
        12,
        13,
        14,
        15,
        16,
        17,
        18,
        22,
        24,
        25,
        26,
        28,
        29
    ]
}