{
    "algorithm_name": "AquilaOptimizer",
    "best_fitness": 0.0,
    "best_solution": [
        0.9871121119847867,
        0.6318095417725594,
        0.40845711154493203,
        0.025611816358034445,
        0.9266779641802709
    ],
    "convergence_curve": [
        0.0,
        0.0,
        0.0,
        0.0,
        0.0,
        0.0,
        0.0,
        0.0,
        0.0,
        0.0,
        0.0,
        0.0,
        0.0,
        0.0,
        0.0
    ],
    "execution_time": 1.0869128704071045,
    "parameters": {
        "population_size": 30,
        "max_iterations": 15,
        "lower_bound": [
            0.0,
            0.0,
            0.0,
            0.0,
            0.0
        ],
        "upper_bound": [
            1.0,
            1.0,
            1.0,
            1.0,
            1.0
        ],
        "dimensions": 5,
        "verbose": true
    },
    "problem_type": "feature_selection",
    "timestamp": "2025-09-14T01:44:12.115812",
    "n_selected_features": 3,
    "selected_feature_indices": [
        0,
        1,
        4
    ]
}