{
    "algorithm_name": "SineCosinAlgorithm",
    "best_fitness": 0.0,
    "best_solution": [
        0.41509757601875813,
        1.0,
        1.0,
        0.0,
        0.14739706944410036,
        0.7107598230497401,
        0.057148341523367285,
        0.23169096650349408,
        0.6554477930905098,
        0.32108735764238877,
        0.0,
        1.0,
        0.21779479771844254,
        0.0,
        0.0
    ],
    "convergence_curve": [
        0.050000000000000044,
        0.0,
        0.0,
        0.0,
        0.0,
        0.0,
        0.0,
        0.0,
        0.0,
        0.0
    ],
    "execution_time": 0.27463698387145996,
    "parameters": {
        "population_size": 10,
        "max_iterations": 10,
        "lower_bound": [
            0.0,
            0.0,
            0.0,
            0.0,
            0.0,
            0.0,
            0.0,
            0.0,
            0.0,
            0.0,
            0.0,
            0.0,
            0.0,
            0.0,
            0.0
        ],
        "upper_bound": [
            1.0,
            1.0,
            1.0,
            1.0,
            1.0,
            1.0,
            1.0,
            1.0,
            1.0,
            1.0,
            1.0,
            1.0,
            1.0,
            1.0,
            1.0
        ],
        "dimensions": 15,
        "verbose": false
    },
    "problem_type": "feature_selection",
    "timestamp": "2025-09-14T02:13:55.062945",
    "n_selected_features": 5,
    "selected_feature_indices": [
        1,
        2,
        5,
        8,
        11
    ]
}