{
    "algorithm_name": "PSO",
    "best_fitness": 0.19999999999999996,
    "best_solution": [
        0.947084364386209,
        1.0,
        0.0,
        1.0,
        0.8679120589866213,
        0.3618724565989775,
        0.7792492356801477,
        1.0
    ],
    "convergence_curve": [
        0.19999999999999996,
        0.19999999999999996,
        0.19999999999999996,
        0.19999999999999996,
        0.19999999999999996,
        0.19999999999999996,
        0.19999999999999996,
        0.19999999999999996,
        0.19999999999999996,
        0.19999999999999996,
        0.19999999999999996,
        0.19999999999999996,
        0.19999999999999996,
        0.19999999999999996,
        0.19999999999999996,
        0.19999999999999996,
        0.19999999999999996,
        0.19999999999999996,
        0.19999999999999996,
        0.19999999999999996
    ],
    "execution_time": 1.7114884853363037,
    "parameters": {
        "population_size": 30,
        "max_iterations": 20,
        "lower_bound": [
            0.0,
            0.0,
            0.0,
            0.0,
            0.0,
            0.0,
            0.0,
            0.0
        ],
        "upper_bound": [
            1.0,
            1.0,
            1.0,
            1.0,
            1.0,
            1.0,
            1.0,
            1.0
        ],
        "dimensions": 8,
        "verbose": true
    },
    "problem_type": "feature_selection",
    "timestamp": "2025-09-14T01:56:57.642237",
    "n_selected_features": 6,
    "selected_feature_indices": [
        0,
        1,
        3,
        4,
        6,
        7
    ]
}