{
    "algorithm_name": "GWO",
    "best_fitness": 0.02777777777777779,
    "best_solution": [
        1.0,
        0.8950192448005151,
        0.529031631326874,
        0.09365848495363077,
        0.3779059075895523,
        0.19006628643149515,
        0.20980577590773677,
        0.13250187872681343,
        0.507306425824244,
        0.6776996615902834,
        0.7533504181575951,
        0.982425131452184,
        0.44275508582913314
    ],
    "convergence_curve": [
        0.11111111111111116,
        0.05555555555555558,
        0.02777777777777779,
        0.02777777777777779,
        0.02777777777777779,
        0.02777777777777779,
        0.02777777777777779,
        0.02777777777777779,
        0.02777777777777779,
        0.02777777777777779,
        0.02777777777777779,
        0.02777777777777779,
        0.02777777777777779,
        0.02777777777777779,
        0.02777777777777779,
        0.02777777777777779,
        0.02777777777777779,
        0.02777777777777779,
        0.02777777777777779,
        0.02777777777777779,
        0.02777777777777779,
        0.02777777777777779,
        0.02777777777777779,
        0.02777777777777779,
        0.02777777777777779,
        0.02777777777777779,
        0.02777777777777779,
        0.02777777777777779,
        0.02777777777777779,
        0.02777777777777779
    ],
    "execution_time": 1.6644439697265625,
    "parameters": {
        "population_size": 20,
        "max_iterations": 30,
        "lower_bound": [
            0.0,
            0.0,
            0.0,
            0.0,
            0.0,
            0.0,
            0.0,
            0.0,
            0.0,
            0.0,
            0.0,
            0.0,
            0.0
        ],
        "upper_bound": [
            1.0,
            1.0,
            1.0,
            1.0,
            1.0,
            1.0,
            1.0,
            1.0,
            1.0,
            1.0,
            1.0,
            1.0,
            1.0
        ],
        "dimensions": 13,
        "verbose": false
    },
    "problem_type": "feature_selection",
    "timestamp": "2025-09-14T02:17:18.450933",
    "n_selected_features": 7,
    "selected_feature_indices": [
        0,
        1,
        2,
        8,
        9,
        10,
        11
    ]
}