{
    "algorithm_name": "PSO",
    "best_fitness": 0.01754385964912286,
    "best_solution": [
        0.024949805630047728,
        0.33813493356613145,
        0.13376887649242108,
        0.5186892838389175,
        0.3705266640770959,
        0.18092509598815396,
        0.10181419619936727,
        0.8938318889704907,
        0.24708526037373477,
        0.45662445467655294,
        0.13515004970506625,
        0.8279517234006817,
        0.7898425732637797,
        0.49448314704600255,
        0.43402846819128293,
        0.18475642966603534,
        1.0,
        0.5261572387931392,
        0.003329707575271429,
        0.44752074862560254,
        0.9380419229938625,
        0.44269812228365324,
        0.8443408529849304,
        0.0325916148066101,
        0.5209529765170529,
        0.8861503386196573,
        0.7484643122086969,
        0.5510287852642961,
        0.38573793527364375,
        0.028353454056309957
    ],
    "convergence_curve": [
        0.04385964912280704,
        0.03508771929824561,
        0.03508771929824561,
        0.03508771929824561,
        0.01754385964912286,
        0.01754385964912286,
        0.01754385964912286,
        0.01754385964912286,
        0.01754385964912286,
        0.01754385964912286,
        0.01754385964912286,
        0.01754385964912286,
        0.01754385964912286,
        0.01754385964912286,
        0.01754385964912286,
        0.01754385964912286,
        0.01754385964912286,
        0.01754385964912286,
        0.01754385964912286,
        0.01754385964912286
    ],
    "execution_time": 1.3410358428955078,
    "parameters": {
        "population_size": 15,
        "max_iterations": 20,
        "lower_bound": [
            0.0,
            0.0,
            0.0,
            0.0,
            0.0,
            0.0,
            0.0,
            0.0,
            0.0,
            0.0,
            0.0,
            0.0,
            0.0,
            0.0,
            0.0,
            0.0,
            0.0,
            0.0,
            0.0,
            0.0,
            0.0,
            0.0,
            0.0,
            0.0,
            0.0,
            0.0,
            0.0,
            0.0,
            0.0,
            0.0
        ],
        "upper_bound": [
            1.0,
            1.0,
            1.0,
            1.0,
            1.0,
            1.0,
            1.0,
            1.0,
            1.0,
            1.0,
            1.0,
            1.0,
            1.0,
            1.0,
            1.0,
            1.0,
            1.0,
            1.0,
            1.0,
            1.0,
            1.0,
            1.0,
            1.0,
            1.0,
            1.0,
            1.0,
            1.0,
            1.0,
            1.0,
            1.0
        ],
        "dimensions": 30,
        "verbose": false
    },
    "problem_type": "feature_selection",
    "timestamp": "2025-09-14T14:49:27.353400",
    "n_selected_features": 12,
    "selected_feature_indices": [
        3,
        7,
        11,
        12,
        16,
        17,
        20,
        22,
        24,
        25,
        26,
        27
    ]
}