{
    "algorithm_name": "PSO",
    "best_fitness": 0.0,
    "best_solution": [
        0.8648791873440942,
        0.0,
        0.7869943884698475,
        0.5189763326923806,
        0.0,
        1.0,
        1.0,
        0.43961394767007356,
        1.0,
        0.9207892743394104
    ],
    "convergence_curve": [
        0.09999999999999998,
        0.09999999999999998,
        0.0,
        0.0,
        0.0,
        0.0,
        0.0,
        0.0,
        0.0,
        0.0,
        0.0,
        0.0,
        0.0,
        0.0,
        0.0
    ],
    "execution_time": 0.3949301242828369,
    "parameters": {
        "population_size": 10,
        "max_iterations": 15,
        "lower_bound": [
            0.0,
            0.0,
            0.0,
            0.0,
            0.0,
            0.0,
            0.0,
            0.0,
            0.0,
            0.0
        ],
        "upper_bound": [
            1.0,
            1.0,
            1.0,
            1.0,
            1.0,
            1.0,
            1.0,
            1.0,
            1.0,
            1.0
        ],
        "dimensions": 10,
        "verbose": true
    },
    "problem_type": "feature_selection",
    "timestamp": "2025-09-14T02:15:06.535703",
    "n_selected_features": 7,
    "selected_feature_indices": [
        0,
        2,
        3,
        5,
        6,
        8,
        9
    ]
}