{
    "algorithm_name": "SineCosinAlgorithm",
    "best_fitness": 0.02777777777777779,
    "best_solution": [
        0.6788576393395168,
        1.0,
        0.0,
        0.0,
        0.0,
        0.7222064813723754,
        1.0,
        1.0,
        1.0,
        0.7888702609965375,
        1.0,
        0.5502388685765619,
        0.2797542730855507
    ],
    "convergence_curve": [
        0.05555555555555558,
        0.05555555555555558,
        0.05555555555555558,
        0.05555555555555558,
        0.02777777777777779,
        0.02777777777777779,
        0.02777777777777779,
        0.02777777777777779,
        0.02777777777777779,
        0.02777777777777779,
        0.02777777777777779,
        0.02777777777777779,
        0.02777777777777779,
        0.02777777777777779,
        0.02777777777777779,
        0.02777777777777779,
        0.02777777777777779,
        0.02777777777777779,
        0.02777777777777779,
        0.02777777777777779,
        0.02777777777777779,
        0.02777777777777779,
        0.02777777777777779,
        0.02777777777777779,
        0.02777777777777779,
        0.02777777777777779,
        0.02777777777777779,
        0.02777777777777779,
        0.02777777777777779,
        0.02777777777777779
    ],
    "execution_time": 1.5776431560516357,
    "parameters": {
        "population_size": 20,
        "max_iterations": 30,
        "lower_bound": [
            0.0,
            0.0,
            0.0,
            0.0,
            0.0,
            0.0,
            0.0,
            0.0,
            0.0,
            0.0,
            0.0,
            0.0,
            0.0
        ],
        "upper_bound": [
            1.0,
            1.0,
            1.0,
            1.0,
            1.0,
            1.0,
            1.0,
            1.0,
            1.0,
            1.0,
            1.0,
            1.0,
            1.0
        ],
        "dimensions": 13,
        "verbose": false
    },
    "problem_type": "feature_selection",
    "timestamp": "2025-09-14T02:17:16.782491",
    "n_selected_features": 9,
    "selected_feature_indices": [
        0,
        1,
        5,
        6,
        7,
        8,
        9,
        10,
        11
    ]
}