{
    "algorithm_name": "PSO",
    "best_fitness": 0.19999999999999996,
    "best_solution": [
        0.9977664019359659,
        0.40216154873013477,
        0.8203250839015925,
        0.3007397297770721,
        0.6868464013994958
    ],
    "convergence_curve": [
        0.19999999999999996,
        0.19999999999999996,
        0.19999999999999996,
        0.19999999999999996,
        0.19999999999999996,
        0.19999999999999996,
        0.19999999999999996,
        0.19999999999999996,
        0.19999999999999996,
        0.19999999999999996
    ],
    "execution_time": 0.2848947048187256,
    "parameters": {
        "population_size": 10,
        "max_iterations": 10,
        "lower_bound": [
            0.0,
            0.0,
            0.0,
            0.0,
            0.0
        ],
        "upper_bound": [
            1.0,
            1.0,
            1.0,
            1.0,
            1.0
        ],
        "dimensions": 5,
        "verbose": true
    },
    "problem_type": "feature_selection",
    "timestamp": "2025-09-14T01:32:03.707870",
    "n_selected_features": 3,
    "selected_feature_indices": [
        0,
        2,
        4
    ]
}