{
    "algorithm_name": "PSO",
    "best_fitness": 0.0,
    "best_solution": [
        0.0,
        1.0,
        0.5997431101327654,
        1.0,
        0.0,
        0.7760585617196842,
        0.07359119409168026,
        0.5181489330247102,
        1.0,
        1.0,
        0.0,
        1.0,
        0.0,
        1.0,
        1.0
    ],
    "convergence_curve": [
        0.050000000000000044,
        0.050000000000000044,
        0.050000000000000044,
        0.050000000000000044,
        0.050000000000000044,
        0.0,
        0.0,
        0.0,
        0.0,
        0.0
    ],
    "execution_time": 0.298799991607666,
    "parameters": {
        "population_size": 10,
        "max_iterations": 10,
        "lower_bound": [
            0.0,
            0.0,
            0.0,
            0.0,
            0.0,
            0.0,
            0.0,
            0.0,
            0.0,
            0.0,
            0.0,
            0.0,
            0.0,
            0.0,
            0.0
        ],
        "upper_bound": [
            1.0,
            1.0,
            1.0,
            1.0,
            1.0,
            1.0,
            1.0,
            1.0,
            1.0,
            1.0,
            1.0,
            1.0,
            1.0,
            1.0,
            1.0
        ],
        "dimensions": 15,
        "verbose": false
    },
    "problem_type": "feature_selection",
    "timestamp": "2025-09-14T02:13:54.785308",
    "n_selected_features": 10,
    "selected_feature_indices": [
        1,
        2,
        3,
        5,
        7,
        8,
        9,
        11,
        13,
        14
    ]
}