{
    "algorithm_name": "PSO",
    "best_fitness": 0.02631578947368418,
    "best_solution": [
        0.23054391876330674,
        0.0,
        1.0,
        0.7624782255008111,
        1.0,
        0.0,
        0.35227718846428974,
        0.0,
        0.8620593638230847,
        0.9852577274841486,
        0.2891774617862959,
        0.30913740118859423,
        0.222572404710841,
        1.0,
        0.0,
        0.7768026401957232,
        0.23708203296670854,
        1.0,
        0.9199497117861113,
        1.0,
        1.0,
        0.0,
        1.0,
        0.0,
        0.42787930440582633,
        0.19650220692752218,
        1.0,
        1.0,
        0.0,
        1.0
    ],
    "convergence_curve": [
        0.02631578947368418,
        0.02631578947368418,
        0.02631578947368418,
        0.02631578947368418,
        0.02631578947368418,
        0.02631578947368418,
        0.02631578947368418,
        0.02631578947368418,
        0.02631578947368418,
        0.02631578947368418,
        0.02631578947368418,
        0.02631578947368418,
        0.02631578947368418,
        0.02631578947368418,
        0.02631578947368418
    ],
    "execution_time": 1.1634960174560547,
    "parameters": {
        "population_size": 10,
        "max_iterations": 15,
        "lower_bound": [
            0.0,
            0.0,
            0.0,
            0.0,
            0.0,
            0.0,
            0.0,
            0.0,
            0.0,
            0.0,
            0.0,
            0.0,
            0.0,
            0.0,
            0.0,
            0.0,
            0.0,
            0.0,
            0.0,
            0.0,
            0.0,
            0.0,
            0.0,
            0.0,
            0.0,
            0.0,
            0.0,
            0.0,
            0.0,
            0.0
        ],
        "upper_bound": [
            1.0,
            1.0,
            1.0,
            1.0,
            1.0,
            1.0,
            1.0,
            1.0,
            1.0,
            1.0,
            1.0,
            1.0,
            1.0,
            1.0,
            1.0,
            1.0,
            1.0,
            1.0,
            1.0,
            1.0,
            1.0,
            1.0,
            1.0,
            1.0,
            1.0,
            1.0,
            1.0,
            1.0,
            1.0,
            1.0
        ],
        "dimensions": 30,
        "verbose": false
    },
    "problem_type": "feature_selection",
    "timestamp": "2025-09-14T02:17:53.865610",
    "n_selected_features": 15,
    "selected_feature_indices": [
        2,
        3,
        4,
        8,
        9,
        13,
        15,
        17,
        18,
        19,
        20,
        22,
        26,
        27,
        29
    ]
}