{
    "algorithm_name": "AquilaOptimizer",
    "best_fitness": 0.02777777777777779,
    "best_solution": [
        0.5405980742590062,
        0.20319335643754288,
        0.17394361754232168,
        0.7308156287126236,
        0.32276426579100126,
        0.2450972706060084,
        0.9423058709117454,
        0.7009858569748925,
        0.9020332317190026,
        0.9327173186771442,
        0.9691801311837983,
        0.592442722950206,
        0.12915560691571337
    ],
    "convergence_curve": [
        0.02777777777777779,
        0.02777777777777779,
        0.02777777777777779,
        0.02777777777777779,
        0.02777777777777779,
        0.02777777777777779,
        0.02777777777777779,
        0.02777777777777779,
        0.02777777777777779,
        0.02777777777777779,
        0.02777777777777779,
        0.02777777777777779,
        0.02777777777777779,
        0.02777777777777779,
        0.02777777777777779,
        0.02777777777777779,
        0.02777777777777779,
        0.02777777777777779,
        0.02777777777777779,
        0.02777777777777779,
        0.02777777777777779,
        0.02777777777777779,
        0.02777777777777779,
        0.02777777777777779,
        0.02777777777777779,
        0.02777777777777779,
        0.02777777777777779,
        0.02777777777777779,
        0.02777777777777779,
        0.02777777777777779
    ],
    "execution_time": 1.6289348602294922,
    "parameters": {
        "population_size": 20,
        "max_iterations": 30,
        "lower_bound": [
            0.0,
            0.0,
            0.0,
            0.0,
            0.0,
            0.0,
            0.0,
            0.0,
            0.0,
            0.0,
            0.0,
            0.0,
            0.0
        ],
        "upper_bound": [
            1.0,
            1.0,
            1.0,
            1.0,
            1.0,
            1.0,
            1.0,
            1.0,
            1.0,
            1.0,
            1.0,
            1.0,
            1.0
        ],
        "dimensions": 13,
        "verbose": false
    },
    "problem_type": "feature_selection",
    "timestamp": "2025-09-14T14:52:17.685077",
    "n_selected_features": 8,
    "selected_feature_indices": [
        0,
        3,
        6,
        7,
        8,
        9,
        10,
        11
    ]
}