{
    "algorithm_name": "GWO",
    "best_fitness": 0.09999999999999998,
    "best_solution": [
        0.5299464931322074,
        0.2710736052775708,
        0.19399615214168953,
        0.036184021845200455,
        0.7756334866346896,
        0.3648500839269157,
        0.7174136495396198,
        0.45119707569038026
    ],
    "convergence_curve": [
        0.35,
        0.30000000000000004,
        0.19999999999999996,
        0.09999999999999998,
        0.09999999999999998,
        0.09999999999999998,
        0.09999999999999998,
        0.09999999999999998,
        0.09999999999999998,
        0.09999999999999998,
        0.09999999999999998,
        0.09999999999999998,
        0.09999999999999998,
        0.09999999999999998,
        0.09999999999999998,
        0.09999999999999998,
        0.09999999999999998,
        0.09999999999999998,
        0.09999999999999998,
        0.09999999999999998
    ],
    "execution_time": 1.7485220432281494,
    "parameters": {
        "population_size": 30,
        "max_iterations": 20,
        "lower_bound": [
            0.0,
            0.0,
            0.0,
            0.0,
            0.0,
            0.0,
            0.0,
            0.0
        ],
        "upper_bound": [
            1.0,
            1.0,
            1.0,
            1.0,
            1.0,
            1.0,
            1.0,
            1.0
        ],
        "dimensions": 8,
        "verbose": true
    },
    "problem_type": "feature_selection",
    "timestamp": "2025-09-14T01:56:59.401235",
    "n_selected_features": 3,
    "selected_feature_indices": [
        0,
        4,
        6
    ]
}