{
    "algorithm_name": "PSO",
    "best_fitness": 0.01754385964912286,
    "best_solution": [
        0.6413647127425085,
        0.0,
        0.0,
        1.0,
        0.30621548070717397,
        0.0,
        0.0,
        0.0,
        0.23072762667471144,
        0.3229920994428638,
        0.0,
        0.8527881109575877,
        0.3343790645365441,
        0.21680117461362336,
        0.49661978585442934,
        0.7425994788807132,
        0.0,
        0.0,
        1.0,
        1.0,
        0.23661851112324706,
        0.17454027849415168,
        0.8828074100400275,
        0.0,
        0.6736225035334562,
        0.30739496776813746,
        1.0,
        0.6808024333135148,
        1.0,
        1.0
    ],
    "convergence_curve": [
        0.01754385964912286,
        0.01754385964912286,
        0.01754385964912286,
        0.01754385964912286,
        0.01754385964912286,
        0.01754385964912286,
        0.01754385964912286,
        0.01754385964912286,
        0.01754385964912286,
        0.01754385964912286,
        0.01754385964912286,
        0.01754385964912286,
        0.01754385964912286,
        0.01754385964912286,
        0.01754385964912286,
        0.01754385964912286,
        0.01754385964912286,
        0.01754385964912286,
        0.01754385964912286,
        0.01754385964912286
    ],
    "execution_time": 1.3436107635498047,
    "parameters": {
        "population_size": 15,
        "max_iterations": 20,
        "lower_bound": [
            0.0,
            0.0,
            0.0,
            0.0,
            0.0,
            0.0,
            0.0,
            0.0,
            0.0,
            0.0,
            0.0,
            0.0,
            0.0,
            0.0,
            0.0,
            0.0,
            0.0,
            0.0,
            0.0,
            0.0,
            0.0,
            0.0,
            0.0,
            0.0,
            0.0,
            0.0,
            0.0,
            0.0,
            0.0,
            0.0
        ],
        "upper_bound": [
            1.0,
            1.0,
            1.0,
            1.0,
            1.0,
            1.0,
            1.0,
            1.0,
            1.0,
            1.0,
            1.0,
            1.0,
            1.0,
            1.0,
            1.0,
            1.0,
            1.0,
            1.0,
            1.0,
            1.0,
            1.0,
            1.0,
            1.0,
            1.0,
            1.0,
            1.0,
            1.0,
            1.0,
            1.0,
            1.0
        ],
        "dimensions": 30,
        "verbose": false
    },
    "problem_type": "feature_selection",
    "timestamp": "2025-09-14T02:13:17.950913",
    "n_selected_features": 12,
    "selected_feature_indices": [
        0,
        3,
        11,
        15,
        18,
        19,
        22,
        24,
        26,
        27,
        28,
        29
    ]
}