{
    "algorithm_name": "AquilaOptimizer",
    "best_fitness": 0.01754385964912286,
    "best_solution": [
        0.32807417995027466,
        0.32558064190635516,
        0.03413084187129273,
        0.6204724643875394,
        0.47656449801644396,
        0.18540173368490898,
        0.46613276973725776,
        0.3970027322310408,
        0.6764477652942742,
        0.7052618626988065,
        0.6687639837100994,
        0.3711131452310956,
        0.1234001520074686,
        0.2078991717619711,
        0.5275998203793056,
        0.795940144752191,
        0.3632281789095696,
        0.29095302753244334,
        0.3611544886026742,
        0.28084325082253564,
        0.7195725584117563,
        0.11410643620036978,
        0.5237135873161727,
        0.36144976795217243,
        0.36171148993721003,
        0.7894303981135777,
        0.3122641009252794,
        0.5038973036691424,
        0.7528981035365397,
        0.35997680681233923
    ],
    "convergence_curve": [
        0.052631578947368474,
        0.052631578947368474,
        0.01754385964912286,
        0.01754385964912286,
        0.01754385964912286,
        0.01754385964912286,
        0.01754385964912286,
        0.01754385964912286,
        0.01754385964912286,
        0.01754385964912286,
        0.01754385964912286,
        0.01754385964912286,
        0.01754385964912286,
        0.01754385964912286,
        0.01754385964912286
    ],
    "execution_time": 3.1333277225494385,
    "parameters": {
        "population_size": 10,
        "max_iterations": 15,
        "lower_bound": [
            0.0,
            0.0,
            0.0,
            0.0,
            0.0,
            0.0,
            0.0,
            0.0,
            0.0,
            0.0,
            0.0,
            0.0,
            0.0,
            0.0,
            0.0,
            0.0,
            0.0,
            0.0,
            0.0,
            0.0,
            0.0,
            0.0,
            0.0,
            0.0,
            0.0,
            0.0,
            0.0,
            0.0,
            0.0,
            0.0
        ],
        "upper_bound": [
            1.0,
            1.0,
            1.0,
            1.0,
            1.0,
            1.0,
            1.0,
            1.0,
            1.0,
            1.0,
            1.0,
            1.0,
            1.0,
            1.0,
            1.0,
            1.0,
            1.0,
            1.0,
            1.0,
            1.0,
            1.0,
            1.0,
            1.0,
            1.0,
            1.0,
            1.0,
            1.0,
            1.0,
            1.0,
            1.0
        ],
        "dimensions": 30,
        "verbose": false
    },
    "problem_type": "feature_selection",
    "timestamp": "2025-09-14T14:49:15.716199",
    "n_selected_features": 11,
    "selected_feature_indices": [
        3,
        8,
        9,
        10,
        14,
        15,
        20,
        22,
        25,
        27,
        28
    ]
}