{
    "algorithm_name": "GWO",
    "best_fitness": 0.0,
    "best_solution": [
        0.0,
        0.8258987474637483,
        0.49005298200348407,
        0.10344558600487175,
        0.023937614215071363
    ],
    "convergence_curve": [
        0.25,
        0.0,
        0.0,
        0.0,
        0.0,
        0.0,
        0.0,
        0.0,
        0.0,
        0.0,
        0.0,
        0.0,
        0.0,
        0.0,
        0.0,
        0.0,
        0.0,
        0.0,
        0.0,
        0.0
    ],
    "execution_time": 1.5149147510528564,
    "parameters": {
        "population_size": 30,
        "max_iterations": 20,
        "lower_bound": [
            0.0,
            0.0,
            0.0,
            0.0,
            0.0
        ],
        "upper_bound": [
            1.0,
            1.0,
            1.0,
            1.0,
            1.0
        ],
        "dimensions": 5,
        "verbose": true
    },
    "problem_type": "feature_selection",
    "timestamp": "2025-09-14T01:44:10.304552",
    "n_selected_features": 1,
    "selected_feature_indices": [
        1
    ]
}