iteration,best_fitness
1,0.05555555555555558
2,0.02777777777777779
3,0.02777777777777779
4,0.02777777777777779
5,0.02777777777777779
6,0.02777777777777779
7,0.02777777777777779
8,0.02777777777777779
9,0.02777777777777779
10,0.02777777777777779
11,0.02777777777777779
12,0.02777777777777779
13,0.02777777777777779
14,0.02777777777777779
15,0.02777777777777779
