{
    "algorithm_name": "PSO",
    "best_fitness": 0.0,
    "best_solution": [
        0.26370968060801225,
        0.5386751280137715,
        0.45099116039249276,
        0.6231444103223513,
        0.631877798388724
    ],
    "convergence_curve": [
        0.0,
        0.0,
        0.0,
        0.0,
        0.0,
        0.0,
        0.0,
        0.0,
        0.0,
        0.0,
        0.0,
        0.0,
        0.0,
        0.0,
        0.0,
        0.0,
        0.0,
        0.0,
        0.0,
        0.0,
        0.0,
        0.0,
        0.0,
        0.0,
        0.0
    ],
    "execution_time": 1.4341785907745361,
    "parameters": {
        "population_size": 20,
        "max_iterations": 25,
        "lower_bound": [
            0.0,
            0.0,
            0.0,
            0.0,
            0.0
        ],
        "upper_bound": [
            1.0,
            1.0,
            1.0,
            1.0,
            1.0
        ],
        "dimensions": 5,
        "verbose": true
    },
    "problem_type": "feature_selection",
    "timestamp": "2025-09-14T01:44:08.785634",
    "n_selected_features": 3,
    "selected_feature_indices": [
        1,
        3,
        4
    ]
}