{
    "algorithm_name": "AquilaOptimizer",
    "best_fitness": 0.0,
    "best_solution": [
        1.0,
        0.06659766170643538,
        0.5826558897661145,
        0.7097215491310399,
        0.5915081393510955,
        0.16982924906185928,
        0.34871631051560276,
        0.45575479000949154,
        0.538211569018553,
        0.731891535191014,
        0.9756838755093294,
        0.4839594870481674,
        0.3679690307659831,
        0.6227863396400753,
        0.9611119473858885
    ],
    "convergence_curve": [
        0.050000000000000044,
        0.0,
        0.0,
        0.0,
        0.0,
        0.0,
        0.0,
        0.0,
        0.0,
        0.0
    ],
    "execution_time": 0.22824478149414062,
    "parameters": {
        "population_size": 10,
        "max_iterations": 10,
        "lower_bound": [
            0.0,
            0.0,
            0.0,
            0.0,
            0.0,
            0.0,
            0.0,
            0.0,
            0.0,
            0.0,
            0.0,
            0.0,
            0.0,
            0.0,
            0.0
        ],
        "upper_bound": [
            1.0,
            1.0,
            1.0,
            1.0,
            1.0,
            1.0,
            1.0,
            1.0,
            1.0,
            1.0,
            1.0,
            1.0,
            1.0,
            1.0,
            1.0
        ],
        "dimensions": 15,
        "verbose": false
    },
    "problem_type": "feature_selection",
    "timestamp": "2025-09-14T02:15:17.968610",
    "n_selected_features": 9,
    "selected_feature_indices": [
        0,
        2,
        3,
        4,
        8,
        9,
        10,
        13,
        14
    ]
}