{
    "algorithm_name": "BA",
    "best_fitness": 0.02631578947368418,
    "best_solution": [
        0.8910488931177509,
        0.11646405530531256,
        0.7479435678492464,
        0.7700797114125134,
        0.7932485333787918,
        0.9250225384877853,
        0.7516382156127711,
        0.14712539731422092,
        0.04122473082171296,
        0.6583211714859903,
        0.20383541985842424,
        0.5374239426750609,
        0.2724622957875056,
        0.39695614444148963,
        0.7638838058011244,
        0.9441705297455781,
        0.7380186787532124,
        0.44822666479020656,
        0.7996378627929264,
        0.8570315592770035,
        0.5648794289698151,
        0.18858944773742892,
        0.5932870288296378,
        0.22590664539083116,
        0.9565981526767338,
        0.5698237836934107,
        0.42218265413215683,
        0.8094644481494638,
        0.8034099045588089,
        0.4246047802661872
    ],
    "convergence_curve": [
        0.02631578947368418,
        0.02631578947368418,
        0.02631578947368418,
        0.02631578947368418,
        0.02631578947368418,
        0.02631578947368418,
        0.02631578947368418,
        0.02631578947368418,
        0.02631578947368418,
        0.02631578947368418,
        0.02631578947368418,
        0.02631578947368418,
        0.02631578947368418,
        0.02631578947368418,
        0.02631578947368418,
        0.02631578947368418,
        0.02631578947368418,
        0.02631578947368418,
        0.02631578947368418,
        0.02631578947368418
    ],
    "execution_time": 2.5288665294647217,
    "parameters": {
        "population_size": 15,
        "max_iterations": 20,
        "lower_bound": [
            0.0,
            0.0,
            0.0,
            0.0,
            0.0,
            0.0,
            0.0,
            0.0,
            0.0,
            0.0,
            0.0,
            0.0,
            0.0,
            0.0,
            0.0,
            0.0,
            0.0,
            0.0,
            0.0,
            0.0,
            0.0,
            0.0,
            0.0,
            0.0,
            0.0,
            0.0,
            0.0,
            0.0,
            0.0,
            0.0
        ],
        "upper_bound": [
            1.0,
            1.0,
            1.0,
            1.0,
            1.0,
            1.0,
            1.0,
            1.0,
            1.0,
            1.0,
            1.0,
            1.0,
            1.0,
            1.0,
            1.0,
            1.0,
            1.0,
            1.0,
            1.0,
            1.0,
            1.0,
            1.0,
            1.0,
            1.0,
            1.0,
            1.0,
            1.0,
            1.0,
            1.0,
            1.0
        ],
        "dimensions": 30,
        "verbose": false
    },
    "problem_type": "feature_selection",
    "timestamp": "2025-09-14T02:14:50.674861",
    "n_selected_features": 19,
    "selected_feature_indices": [
        0,
        2,
        3,
        4,
        5,
        6,
        9,
        11,
        14,
        15,
        16,
        18,
        19,
        20,
        22,
        24,
        25,
        27,
        28
    ]
}