{
    "algorithm_name": "AquilaOptimizer",
    "best_fitness": 0.0,
    "best_solution": [
        0.5983830666923069,
        0.6499622362491811,
        0.396552831408419,
        0.6083650059655997,
        0.665636213703254,
        0.6648285516932424,
        0.6970660459935397,
        0.9994784392030773,
        0.5499498026743544,
        0.4789005236083983
    ],
    "convergence_curve": [
        0.0,
        0.0,
        0.0,
        0.0,
        0.0,
        0.0,
        0.0,
        0.0,
        0.0,
        0.0,
        0.0,
        0.0,
        0.0,
        0.0,
        0.0
    ],
    "execution_time": 0.3497936725616455,
    "parameters": {
        "population_size": 10,
        "max_iterations": 15,
        "lower_bound": [
            0.0,
            0.0,
            0.0,
            0.0,
            0.0,
            0.0,
            0.0,
            0.0,
            0.0,
            0.0
        ],
        "upper_bound": [
            1.0,
            1.0,
            1.0,
            1.0,
            1.0,
            1.0,
            1.0,
            1.0,
            1.0,
            1.0
        ],
        "dimensions": 10,
        "verbose": true
    },
    "problem_type": "feature_selection",
    "timestamp": "2025-09-14T02:15:07.994065",
    "n_selected_features": 8,
    "selected_feature_indices": [
        0,
        1,
        3,
        4,
        5,
        6,
        7,
        8
    ]
}