iteration,best_fitness
1,0.05555555555555558
2,0.05555555555555558
3,0.05555555555555558
4,0.05555555555555558
5,0.05555555555555558
6,0.05555555555555558
7,0.05555555555555558
8,0.05555555555555558
9,0.02777777777777779
10,0.02777777777777779
11,0.02777777777777779
12,0.02777777777777779
13,0.02777777777777779
14,0.02777777777777779
15,0.02777777777777779
16,0.02777777777777779
17,0.02777777777777779
18,0.02777777777777779
19,0.02777777777777779
20,0.02777777777777779
