{
    "algorithm_name": "PSO",
    "best_fitness": 0.01754385964912286,
    "best_solution": [
        0.48179247198525454,
        0.43955806356225297,
        0.29008593866686905,
        1.0,
        0.0,
        0.1920645729595767,
        0.0,
        0.7197544482301742,
        0.3147222998789179,
        0.76369321228862,
        0.12092943727440018,
        0.24875248451402676,
        0.7592013485757132,
        0.02042735275360322,
        0.39498601160591773,
        0.1978790772115568,
        0.31146287430351216,
        0.8633221024226847,
        0.894335325846102,
        0.2938980303859158,
        0.3291023134080256,
        0.05669848829093402,
        0.5965473587871654,
        0.0164077169323191,
        0.08053521727950111,
        0.6854098231401469,
        0.6359342515393155,
        0.4381109963210553,
        0.03085581709962007,
        0.8347896092898528
    ],
    "convergence_curve": [
        0.02631578947368418,
        0.02631578947368418,
        0.02631578947368418,
        0.01754385964912286,
        0.01754385964912286,
        0.01754385964912286,
        0.01754385964912286,
        0.01754385964912286,
        0.01754385964912286,
        0.01754385964912286,
        0.01754385964912286,
        0.01754385964912286,
        0.01754385964912286,
        0.01754385964912286,
        0.01754385964912286
    ],
    "execution_time": 0.6705129146575928,
    "parameters": {
        "population_size": 10,
        "max_iterations": 15,
        "lower_bound": [
            0.0,
            0.0,
            0.0,
            0.0,
            0.0,
            0.0,
            0.0,
            0.0,
            0.0,
            0.0,
            0.0,
            0.0,
            0.0,
            0.0,
            0.0,
            0.0,
            0.0,
            0.0,
            0.0,
            0.0,
            0.0,
            0.0,
            0.0,
            0.0,
            0.0,
            0.0,
            0.0,
            0.0,
            0.0,
            0.0
        ],
        "upper_bound": [
            1.0,
            1.0,
            1.0,
            1.0,
            1.0,
            1.0,
            1.0,
            1.0,
            1.0,
            1.0,
            1.0,
            1.0,
            1.0,
            1.0,
            1.0,
            1.0,
            1.0,
            1.0,
            1.0,
            1.0,
            1.0,
            1.0,
            1.0,
            1.0,
            1.0,
            1.0,
            1.0,
            1.0,
            1.0,
            1.0
        ],
        "dimensions": 30,
        "verbose": false
    },
    "problem_type": "feature_selection",
    "timestamp": "2025-09-14T02:17:51.686076",
    "n_selected_features": 10,
    "selected_feature_indices": [
        3,
        7,
        9,
        12,
        17,
        18,
        22,
        25,
        26,
        29
    ]
}