{
    "algorithm_name": "GWO",
    "best_fitness": 0.30000000000000004,
    "best_solution": [
        0.22064878565395596,
        0.1840720840661494,
        0.10107920618020838,
        0.4622626177570681,
        0.09748807427011907,
        0.28690556447115356,
        0.03400965227791641,
        0.8950119456567905
    ],
    "convergence_curve": [
        0.30000000000000004,
        0.30000000000000004,
        0.30000000000000004,
        0.30000000000000004,
        0.30000000000000004,
        0.30000000000000004,
        0.30000000000000004,
        0.30000000000000004,
        0.30000000000000004,
        0.30000000000000004,
        0.30000000000000004,
        0.30000000000000004,
        0.30000000000000004,
        0.30000000000000004,
        0.30000000000000004,
        0.30000000000000004,
        0.30000000000000004,
        0.30000000000000004,
        0.30000000000000004,
        0.30000000000000004
    ],
    "execution_time": 1.5938348770141602,
    "parameters": {
        "population_size": 30,
        "max_iterations": 20,
        "lower_bound": [
            0.0,
            0.0,
            0.0,
            0.0,
            0.0,
            0.0,
            0.0,
            0.0
        ],
        "upper_bound": [
            1.0,
            1.0,
            1.0,
            1.0,
            1.0,
            1.0,
            1.0,
            1.0
        ],
        "dimensions": 8,
        "verbose": true
    },
    "problem_type": "feature_selection",
    "timestamp": "2025-09-14T01:34:48.286434",
    "n_selected_features": 1,
    "selected_feature_indices": [
        7
    ]
}