{
    "algorithm_name": "SineCosinAlgorithm",
    "best_fitness": 0.0,
    "best_solution": [
        0.005291925491093474,
        0.5051753521684964,
        0.4380129478207747,
        0.6472662220790539,
        0.892685766896998
    ],
    "convergence_curve": [
        0.0,
        0.0,
        0.0,
        0.0,
        0.0,
        0.0,
        0.0,
        0.0,
        0.0,
        0.0,
        0.0,
        0.0,
        0.0,
        0.0,
        0.0,
        0.0,
        0.0,
        0.0,
        0.0,
        0.0
    ],
    "execution_time": 0.8390927314758301,
    "parameters": {
        "population_size": 15,
        "max_iterations": 20,
        "lower_bound": [
            0.0,
            0.0,
            0.0,
            0.0,
            0.0
        ],
        "upper_bound": [
            1.0,
            1.0,
            1.0,
            1.0,
            1.0
        ],
        "dimensions": 5,
        "verbose": false
    },
    "problem_type": "feature_selection",
    "timestamp": "2025-09-14T01:44:23.907599",
    "n_selected_features": 3,
    "selected_feature_indices": [
        1,
        3,
        4
    ]
}