{
    "algorithm_name": "PSO",
    "best_fitness": 0.0,
    "best_solution": [
        1.0,
        1.0,
        1.0,
        0.20511136475667024,
        0.3937181804199089,
        1.0,
        0.0,
        0.1280241258308797,
        0.0,
        1.0
    ],
    "convergence_curve": [
        0.0,
        0.0,
        0.0,
        0.0,
        0.0,
        0.0,
        0.0,
        0.0,
        0.0,
        0.0,
        0.0,
        0.0,
        0.0,
        0.0,
        0.0
    ],
    "execution_time": 0.39031171798706055,
    "parameters": {
        "population_size": 10,
        "max_iterations": 15,
        "lower_bound": [
            0.0,
            0.0,
            0.0,
            0.0,
            0.0,
            0.0,
            0.0,
            0.0,
            0.0,
            0.0
        ],
        "upper_bound": [
            1.0,
            1.0,
            1.0,
            1.0,
            1.0,
            1.0,
            1.0,
            1.0,
            1.0,
            1.0
        ],
        "dimensions": 10,
        "verbose": true
    },
    "problem_type": "feature_selection",
    "timestamp": "2025-09-14T02:13:41.809628",
    "n_selected_features": 5,
    "selected_feature_indices": [
        0,
        1,
        2,
        5,
        9
    ]
}