{
    "algorithm_name": "AquilaOptimizer",
    "best_fitness": 0.0,
    "best_solution": [
        0.79002548810458,
        0.09187290359447786,
        0.39663326144580235,
        0.9727799653059788,
        0.17655228633650022,
        0.35458604446342556,
        0.895612940295429,
        0.2602198504468828,
        0.3340434690484654,
        0.3525637879634217
    ],
    "convergence_curve": [
        0.0,
        0.0,
        0.0,
        0.0,
        0.0,
        0.0,
        0.0,
        0.0,
        0.0,
        0.0,
        0.0,
        0.0,
        0.0,
        0.0,
        0.0
    ],
    "execution_time": 0.4971311092376709,
    "parameters": {
        "population_size": 10,
        "max_iterations": 15,
        "lower_bound": [
            0.0,
            0.0,
            0.0,
            0.0,
            0.0,
            0.0,
            0.0,
            0.0,
            0.0,
            0.0
        ],
        "upper_bound": [
            1.0,
            1.0,
            1.0,
            1.0,
            1.0,
            1.0,
            1.0,
            1.0,
            1.0,
            1.0
        ],
        "dimensions": 10,
        "verbose": true
    },
    "problem_type": "feature_selection",
    "timestamp": "2025-09-14T02:15:05.770306",
    "n_selected_features": 3,
    "selected_feature_indices": [
        0,
        3,
        6
    ]
}