{
    "algorithm_name": "PSO",
    "best_fitness": 0.02777777777777779,
    "best_solution": [
        0.500820148480272,
        0.0,
        1.0,
        0.22757807026031307,
        0.1482741987969044,
        0.37823219533030983,
        1.0,
        1.0,
        1.0,
        0.896993532235423,
        0.2881383617594305,
        0.0,
        0.40065617077855487
    ],
    "convergence_curve": [
        0.05555555555555558,
        0.05555555555555558,
        0.02777777777777779,
        0.02777777777777779,
        0.02777777777777779,
        0.02777777777777779,
        0.02777777777777779,
        0.02777777777777779,
        0.02777777777777779,
        0.02777777777777779,
        0.02777777777777779,
        0.02777777777777779,
        0.02777777777777779,
        0.02777777777777779,
        0.02777777777777779,
        0.02777777777777779,
        0.02777777777777779,
        0.02777777777777779,
        0.02777777777777779,
        0.02777777777777779,
        0.02777777777777779,
        0.02777777777777779,
        0.02777777777777779,
        0.02777777777777779,
        0.02777777777777779
    ],
    "execution_time": 1.477982759475708,
    "parameters": {
        "population_size": 20,
        "max_iterations": 25,
        "lower_bound": [
            0.0,
            0.0,
            0.0,
            0.0,
            0.0,
            0.0,
            0.0,
            0.0,
            0.0,
            0.0,
            0.0,
            0.0,
            0.0
        ],
        "upper_bound": [
            1.0,
            1.0,
            1.0,
            1.0,
            1.0,
            1.0,
            1.0,
            1.0,
            1.0,
            1.0,
            1.0,
            1.0,
            1.0
        ],
        "dimensions": 13,
        "verbose": false
    },
    "problem_type": "feature_selection",
    "timestamp": "2025-09-14T14:50:39.262350",
    "n_selected_features": 6,
    "selected_feature_indices": [
        0,
        2,
        6,
        7,
        8,
        9
    ]
}