{
    "algorithm_name": "PSO",
    "best_fitness": 0.0,
    "best_solution": [
        0.6101239585473255,
        0.1767424162712805,
        0.4201613088046654,
        0.07252981454204477,
        0.8647099958771923,
        0.1918822115179385,
        0.8806797912827056,
        0.2034200097275196,
        0.33159778854605526,
        0.5266312407338463
    ],
    "convergence_curve": [
        0.0,
        0.0,
        0.0,
        0.0,
        0.0,
        0.0,
        0.0,
        0.0,
        0.0,
        0.0,
        0.0,
        0.0,
        0.0,
        0.0,
        0.0
    ],
    "execution_time": 0.4043707847595215,
    "parameters": {
        "population_size": 10,
        "max_iterations": 15,
        "lower_bound": [
            0.0,
            0.0,
            0.0,
            0.0,
            0.0,
            0.0,
            0.0,
            0.0,
            0.0,
            0.0
        ],
        "upper_bound": [
            1.0,
            1.0,
            1.0,
            1.0,
            1.0,
            1.0,
            1.0,
            1.0,
            1.0,
            1.0
        ],
        "dimensions": 10,
        "verbose": true
    },
    "problem_type": "feature_selection",
    "timestamp": "2025-09-14T02:15:07.641270",
    "n_selected_features": 4,
    "selected_feature_indices": [
        0,
        4,
        6,
        9
    ]
}