{
    "algorithm_name": "GWO",
    "best_fitness": 0.01754385964912286,
    "best_solution": [
        0.8044005321777958,
        0.020263710683619724,
        0.0,
        1.0,
        0.2062916595283649,
        0.18098938698723022,
        0.8350295774212443,
        0.5431201875224486,
        0.9780712114736895,
        0.30813441279649506,
        0.017377548123363076,
        0.41422228901829244,
        0.87462062515483,
        0.0,
        0.9907250954839051,
        0.7916656309480388,
        0.4372346736270467,
        0.6511120145346347,
        0.843421827478886,
        0.3826207014616753,
        0.22459408207841972,
        0.038492167433274084,
        0.5677073686234275,
        0.2880656074478034,
        0.4297323528107612,
        0.050916127217262665,
        0.6419512230530475,
        0.39384990627077626,
        0.16086586276088902,
        0.744854409241909
    ],
    "convergence_curve": [
        0.02631578947368418,
        0.02631578947368418,
        0.02631578947368418,
        0.01754385964912286,
        0.01754385964912286,
        0.01754385964912286,
        0.01754385964912286,
        0.01754385964912286,
        0.01754385964912286,
        0.01754385964912286,
        0.01754385964912286,
        0.01754385964912286,
        0.01754385964912286,
        0.01754385964912286,
        0.01754385964912286,
        0.01754385964912286,
        0.01754385964912286,
        0.01754385964912286,
        0.01754385964912286,
        0.01754385964912286
    ],
    "execution_time": 1.7724037170410156,
    "parameters": {
        "population_size": 15,
        "max_iterations": 20,
        "lower_bound": [
            0.0,
            0.0,
            0.0,
            0.0,
            0.0,
            0.0,
            0.0,
            0.0,
            0.0,
            0.0,
            0.0,
            0.0,
            0.0,
            0.0,
            0.0,
            0.0,
            0.0,
            0.0,
            0.0,
            0.0,
            0.0,
            0.0,
            0.0,
            0.0,
            0.0,
            0.0,
            0.0,
            0.0,
            0.0,
            0.0
        ],
        "upper_bound": [
            1.0,
            1.0,
            1.0,
            1.0,
            1.0,
            1.0,
            1.0,
            1.0,
            1.0,
            1.0,
            1.0,
            1.0,
            1.0,
            1.0,
            1.0,
            1.0,
            1.0,
            1.0,
            1.0,
            1.0,
            1.0,
            1.0,
            1.0,
            1.0,
            1.0,
            1.0,
            1.0,
            1.0,
            1.0,
            1.0
        ],
        "dimensions": 30,
        "verbose": false
    },
    "problem_type": "feature_selection",
    "timestamp": "2025-09-14T02:13:20.819201",
    "n_selected_features": 13,
    "selected_feature_indices": [
        0,
        3,
        6,
        7,
        8,
        12,
        14,
        15,
        17,
        18,
        22,
        26,
        29
    ]
}