iteration,best_fitness
1,0.02631578947368418
2,0.01754385964912286
3,0.01754385964912286
4,0.01754385964912286
5,0.01754385964912286
6,0.01754385964912286
7,0.01754385964912286
8,0.01754385964912286
9,0.01754385964912286
10,0.01754385964912286
11,0.01754385964912286
12,0.01754385964912286
13,0.01754385964912286
14,0.01754385964912286
15,0.01754385964912286
