{
    "algorithm_name": "PSO",
    "best_fitness": 32.52003260643791,
    "best_solution": [
        -0.2792992717621141,
        1.4551554051254278,
        -1.710004975700425,
        -4.0447535061384645,
        3.3227096364000417
    ],
    "convergence_curve": [
        96.09555404979076,
        96.09555404979076,
        96.09555404979076,
        96.09555404979076,
        40.53282347818786,
        40.53282347818786,
        40.53282347818786,
        40.53282347818786,
        40.53282347818786,
        40.53282347818786,
        40.53282347818786,
        40.53282347818786,
        40.53282347818786,
        40.53282347818786,
        36.30577780276526,
        36.30577780276526,
        36.30577780276526,
        36.30577780276526,
        36.30577780276526,
        32.95198240366883,
        32.95198240366883,
        32.95198240366883,
        32.95198240366883,
        32.95198240366883,
        32.95198240366883,
        32.95198240366883,
        32.95198240366883,
        32.95198240366883,
        32.95198240366883,
        32.95198240366883,
        32.95198240366883,
        32.95198240366883,
        32.95198240366883,
        32.95198240366883,
        32.95198240366883,
        32.95198240366883,
        32.95198240366883,
        32.95198240366883,
        32.95198240366883,
        32.95198240366883,
        32.95198240366883,
        32.95198240366883,
        32.95198240366883,
        32.95198240366883,
        32.95198240366883,
        32.95198240366883,
        32.52003260643791,
        32.52003260643791,
        32.52003260643791,
        32.52003260643791
    ],
    "execution_time": 0.030696392059326172,
    "parameters": {
        "population_size": 20,
        "max_iterations": 50,
        "lower_bound": [
            -100.0,
            -100.0,
            -100.0,
            -100.0,
            -100.0
        ],
        "upper_bound": [
            100.0,
            100.0,
            100.0,
            100.0,
            100.0
        ],
        "dimensions": 5,
        "verbose": true
    },
    "problem_type": "function_optimization",
    "timestamp": "2025-09-11T00:32:28.344168"
}