{
    "algorithm_name": "AquilaOptimizer",
    "best_fitness": 0.19999999999999996,
    "best_solution": [
        0.4939256851302205,
        0.7395745192315439,
        0.49705641801155986,
        0.5021070037265447,
        0.2707533177291482
    ],
    "convergence_curve": [
        0.19999999999999996,
        0.19999999999999996,
        0.19999999999999996,
        0.19999999999999996,
        0.19999999999999996,
        0.19999999999999996,
        0.19999999999999996,
        0.19999999999999996,
        0.19999999999999996,
        0.19999999999999996
    ],
    "execution_time": 0.24370908737182617,
    "parameters": {
        "population_size": 10,
        "max_iterations": 10,
        "lower_bound": [
            0.0,
            0.0,
            0.0,
            0.0,
            0.0
        ],
        "upper_bound": [
            1.0,
            1.0,
            1.0,
            1.0,
            1.0
        ],
        "dimensions": 5,
        "verbose": true
    },
    "problem_type": "feature_selection",
    "timestamp": "2025-09-14T01:34:20.331861",
    "n_selected_features": 2,
    "selected_feature_indices": [
        1,
        3
    ]
}