{
    "algorithm_name": "AquilaOptimizer",
    "best_fitness": 0.19999999999999996,
    "best_solution": [
        0.7354862082378477,
        0.48635844822366386,
        0.655393728917056,
        0.47908881899989947,
        0.7266988899245486
    ],
    "convergence_curve": [
        0.19999999999999996,
        0.19999999999999996,
        0.19999999999999996,
        0.19999999999999996,
        0.19999999999999996,
        0.19999999999999996,
        0.19999999999999996,
        0.19999999999999996,
        0.19999999999999996,
        0.19999999999999996
    ],
    "execution_time": 0.2496473789215088,
    "parameters": {
        "population_size": 10,
        "max_iterations": 10,
        "lower_bound": [
            0.0,
            0.0,
            0.0,
            0.0,
            0.0
        ],
        "upper_bound": [
            1.0,
            1.0,
            1.0,
            1.0,
            1.0
        ],
        "dimensions": 5,
        "verbose": true
    },
    "problem_type": "feature_selection",
    "timestamp": "2025-09-14T01:32:03.420978",
    "n_selected_features": 3,
    "selected_feature_indices": [
        0,
        2,
        4
    ]
}