{
    "algorithm_name": "PSO",
    "best_fitness": 0.01754385964912286,
    "best_solution": [
        0.36475298237369774,
        0.0,
        0.0,
        1.0,
        1.0,
        0.6233035592545506,
        1.0,
        0.6718788223036045,
        0.6178325871354389,
        0.4390256694198095,
        0.05485787982499035,
        0.6533111326032149,
        0.35734664832771273,
        0.46602179398498,
        0.286221558439174,
        0.5817793684348982,
        0.0,
        0.0,
        0.1874300839689309,
        0.0,
        0.9154506050427664,
        0.0,
        1.0,
        0.0,
        0.6564544588371521,
        0.6256030717680909,
        0.47806687242328605,
        1.0,
        1.0,
        0.0
    ],
    "convergence_curve": [
        0.02631578947368418,
        0.01754385964912286,
        0.01754385964912286,
        0.01754385964912286,
        0.01754385964912286,
        0.01754385964912286,
        0.01754385964912286,
        0.01754385964912286,
        0.01754385964912286,
        0.01754385964912286,
        0.01754385964912286,
        0.01754385964912286,
        0.01754385964912286,
        0.01754385964912286,
        0.01754385964912286
    ],
    "execution_time": 0.8850119113922119,
    "parameters": {
        "population_size": 10,
        "max_iterations": 15,
        "lower_bound": [
            0.0,
            0.0,
            0.0,
            0.0,
            0.0,
            0.0,
            0.0,
            0.0,
            0.0,
            0.0,
            0.0,
            0.0,
            0.0,
            0.0,
            0.0,
            0.0,
            0.0,
            0.0,
            0.0,
            0.0,
            0.0,
            0.0,
            0.0,
            0.0,
            0.0,
            0.0,
            0.0,
            0.0,
            0.0,
            0.0
        ],
        "upper_bound": [
            1.0,
            1.0,
            1.0,
            1.0,
            1.0,
            1.0,
            1.0,
            1.0,
            1.0,
            1.0,
            1.0,
            1.0,
            1.0,
            1.0,
            1.0,
            1.0,
            1.0,
            1.0,
            1.0,
            1.0,
            1.0,
            1.0,
            1.0,
            1.0,
            1.0,
            1.0,
            1.0,
            1.0,
            1.0,
            1.0
        ],
        "dimensions": 30,
        "verbose": false
    },
    "problem_type": "feature_selection",
    "timestamp": "2025-09-14T14:49:16.604212",
    "n_selected_features": 14,
    "selected_feature_indices": [
        3,
        4,
        5,
        6,
        7,
        8,
        11,
        15,
        20,
        22,
        24,
        25,
        27,
        28
    ]
}