{
    "algorithm_name": "PSO",
    "best_fitness": 0.02631578947368418,
    "best_solution": [
        1.0,
        0.3030738013699876,
        1.0,
        0.8424771064965737,
        1.0,
        0.32391765934261396,
        0.0,
        0.9855032853099116,
        0.0,
        0.3348289487618571,
        0.0,
        0.0,
        1.0,
        1.0,
        1.0,
        1.0,
        0.25136363103299497,
        0.9397564589236151,
        1.0,
        0.0,
        0.0,
        0.037313963006023076,
        1.0,
        0.2028137017650572,
        0.7987179540152929,
        0.0,
        0.14064891234432275,
        1.0,
        1.0,
        1.0
    ],
    "convergence_curve": [
        0.03508771929824561,
        0.03508771929824561,
        0.03508771929824561,
        0.03508771929824561,
        0.03508771929824561,
        0.03508771929824561,
        0.03508771929824561,
        0.03508771929824561,
        0.03508771929824561,
        0.02631578947368418
    ],
    "execution_time": 1.0143074989318848,
    "parameters": {
        "population_size": 10,
        "max_iterations": 10,
        "lower_bound": [
            0.0,
            0.0,
            0.0,
            0.0,
            0.0,
            0.0,
            0.0,
            0.0,
            0.0,
            0.0,
            0.0,
            0.0,
            0.0,
            0.0,
            0.0,
            0.0,
            0.0,
            0.0,
            0.0,
            0.0,
            0.0,
            0.0,
            0.0,
            0.0,
            0.0,
            0.0,
            0.0,
            0.0,
            0.0,
            0.0
        ],
        "upper_bound": [
            1.0,
            1.0,
            1.0,
            1.0,
            1.0,
            1.0,
            1.0,
            1.0,
            1.0,
            1.0,
            1.0,
            1.0,
            1.0,
            1.0,
            1.0,
            1.0,
            1.0,
            1.0,
            1.0,
            1.0,
            1.0,
            1.0,
            1.0,
            1.0,
            1.0,
            1.0,
            1.0,
            1.0,
            1.0,
            1.0
        ],
        "dimensions": 30,
        "verbose": false
    },
    "problem_type": "feature_selection",
    "timestamp": "2025-09-14T02:13:52.876813",
    "n_selected_features": 16,
    "selected_feature_indices": [
        0,
        2,
        3,
        4,
        7,
        12,
        13,
        14,
        15,
        17,
        18,
        22,
        24,
        27,
        28,
        29
    ]
}