{
    "algorithm_name": "GWO",
    "best_fitness": 0.01754385964912286,
    "best_solution": [
        0.8326748504651253,
        0.015436636347723964,
        0.3273231073602547,
        0.9565704240287418,
        0.21280285474517702,
        0.7787272768354818,
        0.8365883653008033,
        0.3055042998485614,
        0.24785160810352602,
        0.8486789865607457,
        0.37101756544105924,
        0.17649726375828456,
        0.09950981628082955,
        0.4392226313519654,
        0.9490096955423558,
        0.4482186426522514,
        0.26195149167653264,
        0.9819563903044992,
        0.280666426980426,
        0.6089958611748393,
        0.8289723295207778,
        0.30807341398758226,
        0.9305328601899511,
        0.3453964514357606,
        0.0003027749271109492,
        0.02887798742869474,
        0.41963965303311557,
        0.8973912283887248,
        0.2836363917128878,
        0.21781975311534985
    ],
    "convergence_curve": [
        0.01754385964912286,
        0.01754385964912286,
        0.01754385964912286,
        0.01754385964912286,
        0.01754385964912286,
        0.01754385964912286,
        0.01754385964912286,
        0.01754385964912286,
        0.01754385964912286,
        0.01754385964912286,
        0.01754385964912286,
        0.01754385964912286,
        0.01754385964912286,
        0.01754385964912286,
        0.01754385964912286,
        0.01754385964912286,
        0.01754385964912286,
        0.01754385964912286,
        0.01754385964912286,
        0.01754385964912286,
        0.01754385964912286,
        0.01754385964912286,
        0.01754385964912286,
        0.01754385964912286,
        0.01754385964912286
    ],
    "execution_time": 1.8488545417785645,
    "parameters": {
        "population_size": 20,
        "max_iterations": 25,
        "lower_bound": [
            0.0,
            0.0,
            0.0,
            0.0,
            0.0,
            0.0,
            0.0,
            0.0,
            0.0,
            0.0,
            0.0,
            0.0,
            0.0,
            0.0,
            0.0,
            0.0,
            0.0,
            0.0,
            0.0,
            0.0,
            0.0,
            0.0,
            0.0,
            0.0,
            0.0,
            0.0,
            0.0,
            0.0,
            0.0,
            0.0
        ],
        "upper_bound": [
            1.0,
            1.0,
            1.0,
            1.0,
            1.0,
            1.0,
            1.0,
            1.0,
            1.0,
            1.0,
            1.0,
            1.0,
            1.0,
            1.0,
            1.0,
            1.0,
            1.0,
            1.0,
            1.0,
            1.0,
            1.0,
            1.0,
            1.0,
            1.0,
            1.0,
            1.0,
            1.0,
            1.0,
            1.0,
            1.0
        ],
        "dimensions": 30,
        "verbose": false
    },
    "problem_type": "feature_selection",
    "timestamp": "2025-09-14T14:50:26.701103",
    "n_selected_features": 11,
    "selected_feature_indices": [
        0,
        3,
        5,
        6,
        9,
        14,
        17,
        19,
        20,
        22,
        27
    ]
}