{
    "algorithm_name": "SineCosinAlgorithm",
    "best_fitness": 0.01754385964912286,
    "best_solution": [
        0.0,
        0.0,
        0.0,
        1.0,
        0.0,
        0.17802455150022098,
        0.0,
        0.0,
        1.0,
        1.0,
        0.0,
        0.0,
        0.5743799033243034,
        0.0,
        0.0,
        0.0,
        0.0,
        0.0,
        0.005850908168095782,
        0.9789657039668528,
        0.05788249652812889,
        0.0,
        0.9373397948592972,
        0.0,
        0.0,
        0.16336237061784833,
        0.008540377118145911,
        0.9229816050249411,
        0.0,
        1.0
    ],
    "convergence_curve": [
        0.03508771929824561,
        0.03508771929824561,
        0.03508771929824561,
        0.02631578947368418,
        0.02631578947368418,
        0.01754385964912286,
        0.01754385964912286,
        0.01754385964912286,
        0.01754385964912286,
        0.01754385964912286,
        0.01754385964912286,
        0.01754385964912286,
        0.01754385964912286,
        0.01754385964912286,
        0.01754385964912286
    ],
    "execution_time": 0.5669717788696289,
    "parameters": {
        "population_size": 10,
        "max_iterations": 15,
        "lower_bound": [
            0.0,
            0.0,
            0.0,
            0.0,
            0.0,
            0.0,
            0.0,
            0.0,
            0.0,
            0.0,
            0.0,
            0.0,
            0.0,
            0.0,
            0.0,
            0.0,
            0.0,
            0.0,
            0.0,
            0.0,
            0.0,
            0.0,
            0.0,
            0.0,
            0.0,
            0.0,
            0.0,
            0.0,
            0.0,
            0.0
        ],
        "upper_bound": [
            1.0,
            1.0,
            1.0,
            1.0,
            1.0,
            1.0,
            1.0,
            1.0,
            1.0,
            1.0,
            1.0,
            1.0,
            1.0,
            1.0,
            1.0,
            1.0,
            1.0,
            1.0,
            1.0,
            1.0,
            1.0,
            1.0,
            1.0,
            1.0,
            1.0,
            1.0,
            1.0,
            1.0,
            1.0,
            1.0
        ],
        "dimensions": 30,
        "verbose": false
    },
    "problem_type": "feature_selection",
    "timestamp": "2025-09-14T02:17:54.434583",
    "n_selected_features": 8,
    "selected_feature_indices": [
        3,
        8,
        9,
        12,
        19,
        22,
        27,
        29
    ]
}