{
    "algorithm_name": "AquilaOptimizer",
    "best_fitness": 0.02631578947368418,
    "best_solution": [
        0.6644257335979429,
        0.6446323710035399,
        0.10659550474181145,
        0.022774191182802217,
        0.6762490262198539,
        0.8086459333111248,
        0.011761044682065291,
        0.8945401216516181,
        0.39918987447054377,
        0.6721012018916462,
        0.5974971364633053,
        0.18814052419128158,
        0.3267208263646211,
        0.571549703748517,
        0.31467819052403023,
        0.060739167125523075,
        0.9942244051827077,
        0.2767238800783046,
        0.4034113875270606,
        0.7247143349923463,
        0.6805700469153841,
        0.1872299791201818,
        0.1714016006102993,
        0.30398937434391826,
        0.9182758151172273,
        0.44150069981647777,
        0.2760588398576773,
        0.9386834031878339,
        0.08412971313145423,
        0.08184522509759384
    ],
    "convergence_curve": [
        0.02631578947368418,
        0.02631578947368418,
        0.02631578947368418,
        0.02631578947368418,
        0.02631578947368418,
        0.02631578947368418,
        0.02631578947368418,
        0.02631578947368418,
        0.02631578947368418,
        0.02631578947368418,
        0.02631578947368418,
        0.02631578947368418,
        0.02631578947368418,
        0.02631578947368418,
        0.02631578947368418,
        0.02631578947368418,
        0.02631578947368418,
        0.02631578947368418,
        0.02631578947368418,
        0.02631578947368418
    ],
    "execution_time": 3.8158063888549805,
    "parameters": {
        "population_size": 15,
        "max_iterations": 20,
        "lower_bound": [
            0.0,
            0.0,
            0.0,
            0.0,
            0.0,
            0.0,
            0.0,
            0.0,
            0.0,
            0.0,
            0.0,
            0.0,
            0.0,
            0.0,
            0.0,
            0.0,
            0.0,
            0.0,
            0.0,
            0.0,
            0.0,
            0.0,
            0.0,
            0.0,
            0.0,
            0.0,
            0.0,
            0.0,
            0.0,
            0.0
        ],
        "upper_bound": [
            1.0,
            1.0,
            1.0,
            1.0,
            1.0,
            1.0,
            1.0,
            1.0,
            1.0,
            1.0,
            1.0,
            1.0,
            1.0,
            1.0,
            1.0,
            1.0,
            1.0,
            1.0,
            1.0,
            1.0,
            1.0,
            1.0,
            1.0,
            1.0,
            1.0,
            1.0,
            1.0,
            1.0,
            1.0,
            1.0
        ],
        "dimensions": 30,
        "verbose": false
    },
    "problem_type": "feature_selection",
    "timestamp": "2025-09-14T02:14:37.059764",
    "n_selected_features": 13,
    "selected_feature_indices": [
        0,
        1,
        4,
        5,
        7,
        9,
        10,
        13,
        16,
        19,
        20,
        24,
        27
    ]
}