{
    "algorithm_name": "PSO",
    "best_fitness": 0.01754385964912286,
    "best_solution": [
        1.0,
        0.0,
        0.0,
        1.0,
        0.38424927052137314,
        0.5902325775382855,
        0.6577841546878561,
        0.6165012533334578,
        0.5030778627086075,
        0.02423846656639983,
        0.8645130758087438,
        0.29751145765094417,
        0.029525618906765777,
        0.3771912431846002,
        0.5565323550712065,
        0.1932860783875473,
        0.8401268212176353,
        0.6369966082208014,
        0.29512900796073804,
        0.18909043429677652,
        0.14179416167401893,
        0.10971140293772502,
        1.0,
        0.03128687524590734,
        0.7186928829792939,
        1.0,
        0.8841278873030823,
        0.0,
        0.0,
        0.0
    ],
    "convergence_curve": [
        0.01754385964912286,
        0.01754385964912286,
        0.01754385964912286,
        0.01754385964912286,
        0.01754385964912286,
        0.01754385964912286,
        0.01754385964912286,
        0.01754385964912286,
        0.01754385964912286,
        0.01754385964912286,
        0.01754385964912286,
        0.01754385964912286,
        0.01754385964912286,
        0.01754385964912286,
        0.01754385964912286,
        0.01754385964912286,
        0.01754385964912286,
        0.01754385964912286,
        0.01754385964912286,
        0.01754385964912286,
        0.01754385964912286,
        0.01754385964912286,
        0.01754385964912286,
        0.01754385964912286,
        0.01754385964912286,
        0.01754385964912286,
        0.01754385964912286,
        0.01754385964912286,
        0.01754385964912286,
        0.01754385964912286
    ],
    "execution_time": 3.288982629776001,
    "parameters": {
        "population_size": 25,
        "max_iterations": 30,
        "lower_bound": [
            0.0,
            0.0,
            0.0,
            0.0,
            0.0,
            0.0,
            0.0,
            0.0,
            0.0,
            0.0,
            0.0,
            0.0,
            0.0,
            0.0,
            0.0,
            0.0,
            0.0,
            0.0,
            0.0,
            0.0,
            0.0,
            0.0,
            0.0,
            0.0,
            0.0,
            0.0,
            0.0,
            0.0,
            0.0,
            0.0
        ],
        "upper_bound": [
            1.0,
            1.0,
            1.0,
            1.0,
            1.0,
            1.0,
            1.0,
            1.0,
            1.0,
            1.0,
            1.0,
            1.0,
            1.0,
            1.0,
            1.0,
            1.0,
            1.0,
            1.0,
            1.0,
            1.0,
            1.0,
            1.0,
            1.0,
            1.0,
            1.0,
            1.0,
            1.0,
            1.0,
            1.0,
            1.0
        ],
        "dimensions": 30,
        "verbose": false
    },
    "problem_type": "feature_selection",
    "timestamp": "2025-09-14T14:52:13.272907",
    "n_selected_features": 14,
    "selected_feature_indices": [
        0,
        3,
        5,
        6,
        7,
        8,
        10,
        14,
        16,
        17,
        22,
        24,
        25,
        26
    ]
}