{
    "algorithm_name": "PSO",
    "best_fitness": 0.30000000000000004,
    "best_solution": [
        0.010819668513056269,
        0.46333206576298425,
        0.45070881627478,
        0.21571772126496414,
        0.10044503644072045,
        0.15972980831684602,
        0.2805689879920775,
        0.5910239547027833
    ],
    "convergence_curve": [
        0.30000000000000004,
        0.30000000000000004,
        0.30000000000000004,
        0.30000000000000004,
        0.30000000000000004,
        0.30000000000000004,
        0.30000000000000004,
        0.30000000000000004,
        0.30000000000000004,
        0.30000000000000004,
        0.30000000000000004,
        0.30000000000000004,
        0.30000000000000004,
        0.30000000000000004,
        0.30000000000000004,
        0.30000000000000004,
        0.30000000000000004,
        0.30000000000000004,
        0.30000000000000004,
        0.30000000000000004
    ],
    "execution_time": 1.61545991897583,
    "parameters": {
        "population_size": 30,
        "max_iterations": 20,
        "lower_bound": [
            0.0,
            0.0,
            0.0,
            0.0,
            0.0,
            0.0,
            0.0,
            0.0
        ],
        "upper_bound": [
            1.0,
            1.0,
            1.0,
            1.0,
            1.0,
            1.0,
            1.0,
            1.0
        ],
        "dimensions": 8,
        "verbose": true
    },
    "problem_type": "feature_selection",
    "timestamp": "2025-09-14T01:34:46.679323",
    "n_selected_features": 1,
    "selected_feature_indices": [
        7
    ]
}