iteration,best_fitness
1,0.03508771929824561
2,0.03508771929824561
3,0.03508771929824561
4,0.03508771929824561
5,0.03508771929824561
6,0.03508771929824561
7,0.03508771929824561
8,0.03508771929824561
9,0.03508771929824561
10,0.03508771929824561
11,0.03508771929824561
12,0.03508771929824561
13,0.03508771929824561
14,0.03508771929824561
15,0.03508771929824561
