iteration,best_fitness
1,0.09999999999999998
2,0.050000000000000044
3,0.050000000000000044
4,0.050000000000000044
5,0.050000000000000044
6,0.050000000000000044
7,0.050000000000000044
8,0.050000000000000044
9,0.0
10,0.0
