{
    "algorithm_name": "PSO",
    "best_fitness": 0.03508771929824561,
    "best_solution": [
        1.0,
        1.0,
        0.8886401657901597,
        0.0,
        1.0,
        0.20161518415491608,
        1.0,
        0.2158200361674545,
        0.08305423158194192,
        0.7385232973657115,
        0.0,
        0.5582664346182838,
        0.0,
        0.6394553530371513,
        0.0,
        0.09188276610465318,
        1.0,
        1.0,
        1.0,
        0.725576067491025,
        0.31780690723384153,
        0.0,
        1.0,
        0.04748698272565033,
        0.0,
        0.0,
        0.0,
        1.0,
        1.0,
        1.0
    ],
    "convergence_curve": [
        0.052631578947368474,
        0.04385964912280704,
        0.04385964912280704,
        0.04385964912280704,
        0.04385964912280704,
        0.04385964912280704,
        0.04385964912280704,
        0.04385964912280704,
        0.04385964912280704,
        0.04385964912280704,
        0.04385964912280704,
        0.04385964912280704,
        0.04385964912280704,
        0.04385964912280704,
        0.03508771929824561,
        0.03508771929824561,
        0.03508771929824561,
        0.03508771929824561,
        0.03508771929824561,
        0.03508771929824561,
        0.03508771929824561,
        0.03508771929824561,
        0.03508771929824561,
        0.03508771929824561,
        0.03508771929824561
    ],
    "execution_time": 2.8884804248809814,
    "parameters": {
        "population_size": 15,
        "max_iterations": 25,
        "lower_bound": [
            0.0,
            0.0,
            0.0,
            0.0,
            0.0,
            0.0,
            0.0,
            0.0,
            0.0,
            0.0,
            0.0,
            0.0,
            0.0,
            0.0,
            0.0,
            0.0,
            0.0,
            0.0,
            0.0,
            0.0,
            0.0,
            0.0,
            0.0,
            0.0,
            0.0,
            0.0,
            0.0,
            0.0,
            0.0,
            0.0
        ],
        "upper_bound": [
            1.0,
            1.0,
            1.0,
            1.0,
            1.0,
            1.0,
            1.0,
            1.0,
            1.0,
            1.0,
            1.0,
            1.0,
            1.0,
            1.0,
            1.0,
            1.0,
            1.0,
            1.0,
            1.0,
            1.0,
            1.0,
            1.0,
            1.0,
            1.0,
            1.0,
            1.0,
            1.0,
            1.0,
            1.0,
            1.0
        ],
        "dimensions": 30,
        "verbose": false
    },
    "problem_type": "feature_selection",
    "timestamp": "2025-09-14T02:17:49.116458",
    "n_selected_features": 16,
    "selected_feature_indices": [
        0,
        1,
        2,
        4,
        6,
        9,
        11,
        13,
        16,
        17,
        18,
        19,
        22,
        27,
        28,
        29
    ]
}