{
    "algorithm_name": "PSO",
    "best_fitness": 0.02777777777777779,
    "best_solution": [
        1.0,
        1.0,
        1.0,
        1.0,
        0.24971004173583045,
        0.0,
        0.8574634640292246,
        0.0,
        0.024421967773439857,
        1.0,
        0.8286356590020069,
        0.9276842046945211,
        0.24916514916447347
    ],
    "convergence_curve": [
        0.05555555555555558,
        0.02777777777777779,
        0.02777777777777779,
        0.02777777777777779,
        0.02777777777777779,
        0.02777777777777779,
        0.02777777777777779,
        0.02777777777777779,
        0.02777777777777779,
        0.02777777777777779,
        0.02777777777777779,
        0.02777777777777779,
        0.02777777777777779,
        0.02777777777777779,
        0.02777777777777779
    ],
    "execution_time": 0.434725284576416,
    "parameters": {
        "population_size": 10,
        "max_iterations": 15,
        "lower_bound": [
            0.0,
            0.0,
            0.0,
            0.0,
            0.0,
            0.0,
            0.0,
            0.0,
            0.0,
            0.0,
            0.0,
            0.0,
            0.0
        ],
        "upper_bound": [
            1.0,
            1.0,
            1.0,
            1.0,
            1.0,
            1.0,
            1.0,
            1.0,
            1.0,
            1.0,
            1.0,
            1.0,
            1.0
        ],
        "dimensions": 13,
        "verbose": false
    },
    "problem_type": "feature_selection",
    "timestamp": "2025-09-14T02:17:55.233671",
    "n_selected_features": 8,
    "selected_feature_indices": [
        0,
        1,
        2,
        3,
        6,
        9,
        10,
        11
    ]
}