{
    "algorithm_name": "GWO",
    "best_fitness": 0.5,
    "best_solution": [
        0.6829535312993926,
        0.3791398791894437,
        0.9446386496740458,
        0.07590208510450824
    ],
    "convergence_curve": [
        0.5,
        0.5,
        0.5,
        0.5,
        0.5,
        0.5,
        0.5,
        0.5,
        0.5,
        0.5,
        0.5,
        0.5,
        0.5,
        0.5,
        0.5,
        0.5,
        0.5,
        0.5,
        0.5,
        0.5
    ],
    "execution_time": 0.5793864727020264,
    "parameters": {
        "population_size": 15,
        "max_iterations": 20,
        "lower_bound": [
            0.0,
            0.0,
            0.0,
            0.0
        ],
        "upper_bound": [
            1.0,
            1.0,
            1.0,
            1.0
        ],
        "dimensions": 4,
        "verbose": true
    },
    "problem_type": "feature_selection",
    "timestamp": "2025-09-14T01:48:39.260701",
    "n_selected_features": 2,
    "selected_feature_indices": [
        0,
        2
    ]
}