{
    "algorithm_name": "GWO",
    "best_fitness": 0.02777777777777779,
    "best_solution": [
        1.0,
        0.6496706672749508,
        1.0,
        0.37071891197760737,
        0.4814607590780522,
        0.2370545796616014,
        0.4052312134684513,
        0.23294705188918216,
        0.7512704374107874,
        0.6879537181469005,
        0.4994623891974929,
        0.9918246756977837,
        0.4471024260371899
    ],
    "convergence_curve": [
        0.05555555555555558,
        0.05555555555555558,
        0.05555555555555558,
        0.02777777777777779,
        0.02777777777777779,
        0.02777777777777779,
        0.02777777777777779,
        0.02777777777777779,
        0.02777777777777779,
        0.02777777777777779,
        0.02777777777777779,
        0.02777777777777779,
        0.02777777777777779,
        0.02777777777777779,
        0.02777777777777779,
        0.02777777777777779,
        0.02777777777777779,
        0.02777777777777779,
        0.02777777777777779,
        0.02777777777777779,
        0.02777777777777779,
        0.02777777777777779,
        0.02777777777777779,
        0.02777777777777779,
        0.02777777777777779
    ],
    "execution_time": 1.5030992031097412,
    "parameters": {
        "population_size": 20,
        "max_iterations": 25,
        "lower_bound": [
            0.0,
            0.0,
            0.0,
            0.0,
            0.0,
            0.0,
            0.0,
            0.0,
            0.0,
            0.0,
            0.0,
            0.0,
            0.0
        ],
        "upper_bound": [
            1.0,
            1.0,
            1.0,
            1.0,
            1.0,
            1.0,
            1.0,
            1.0,
            1.0,
            1.0,
            1.0,
            1.0,
            1.0
        ],
        "dimensions": 13,
        "verbose": false
    },
    "problem_type": "feature_selection",
    "timestamp": "2025-09-14T14:50:40.768484",
    "n_selected_features": 6,
    "selected_feature_indices": [
        0,
        1,
        2,
        8,
        9,
        11
    ]
}