{
    "algorithm_name": "WOA",
    "best_fitness": 0.03508771929824561,
    "best_solution": [
        0.6842761338396619,
        0.43849989716927396,
        0.9678313188090031,
        0.41334495671378546,
        0.8412900598028581,
        0.3313177464891631,
        0.6734773166337732,
        0.2578958515800095,
        0.3230471479010575,
        0.5956003357045053,
        0.240823788863194,
        0.7838512007461116,
        0.6059782164987173,
        0.7289136558980379,
        0.3179886815801368,
        0.18827217774320004,
        0.25515215889652165,
        0.3919075998338982,
        0.48367707857589204,
        0.43758544233531294,
        0.6715315192914361,
        0.7150696521704679,
        0.8003555546260166,
        0.41339287341042286,
        0.43552374576051767,
        0.4855455758169056,
        0.4156385481814784,
        0.8775384755979425,
        0.8900486302098836,
        0.22876301253997733
    ],
    "convergence_curve": [
        0.03508771929824561,
        0.03508771929824561,
        0.03508771929824561,
        0.03508771929824561,
        0.03508771929824561,
        0.03508771929824561,
        0.03508771929824561,
        0.03508771929824561,
        0.03508771929824561,
        0.03508771929824561,
        0.03508771929824561,
        0.03508771929824561,
        0.03508771929824561,
        0.03508771929824561,
        0.03508771929824561,
        0.03508771929824561,
        0.03508771929824561,
        0.03508771929824561,
        0.03508771929824561,
        0.03508771929824561,
        0.03508771929824561,
        0.03508771929824561,
        0.03508771929824561,
        0.03508771929824561,
        0.03508771929824561
    ],
    "execution_time": 2.656069040298462,
    "parameters": {
        "population_size": 20,
        "max_iterations": 25,
        "lower_bound": [
            0.0,
            0.0,
            0.0,
            0.0,
            0.0,
            0.0,
            0.0,
            0.0,
            0.0,
            0.0,
            0.0,
            0.0,
            0.0,
            0.0,
            0.0,
            0.0,
            0.0,
            0.0,
            0.0,
            0.0,
            0.0,
            0.0,
            0.0,
            0.0,
            0.0,
            0.0,
            0.0,
            0.0,
            0.0,
            0.0
        ],
        "upper_bound": [
            1.0,
            1.0,
            1.0,
            1.0,
            1.0,
            1.0,
            1.0,
            1.0,
            1.0,
            1.0,
            1.0,
            1.0,
            1.0,
            1.0,
            1.0,
            1.0,
            1.0,
            1.0,
            1.0,
            1.0,
            1.0,
            1.0,
            1.0,
            1.0,
            1.0,
            1.0,
            1.0,
            1.0,
            1.0,
            1.0
        ],
        "dimensions": 30,
        "verbose": false
    },
    "problem_type": "feature_selection",
    "timestamp": "2025-09-14T14:52:41.923952",
    "n_selected_features": 13,
    "selected_feature_indices": [
        0,
        2,
        4,
        6,
        9,
        11,
        12,
        13,
        20,
        21,
        22,
        27,
        28
    ]
}