{
    "algorithm_name": "FA",
    "best_fitness": 0.01754385964912286,
    "best_solution": [
        0.5289113549784642,
        0.20880037321429987,
        0.08251480055496996,
        0.8280134932285784,
        0.8231504592061143,
        1.0,
        0.9845294935985768,
        0.8208831976225373,
        0.8423593730436574,
        1.0,
        0.6071680327861817,
        0.909419829604775,
        0.35869606472799054,
        0.0038005626216671695,
        0.247822272493869,
        0.03105089258539171,
        0.7615872598934094,
        0.1692505050459447,
        0.777497305931948,
        0.6999909706328323,
        1.0,
        0.40539872022442397,
        0.6686256557667465,
        0.3096440883581109,
        0.4221351533464273,
        0.3666156704761659,
        1.0,
        0.5866120689515064,
        0.6226090333830681,
        0.28076494563184334
    ],
    "convergence_curve": [
        0.03508771929824561,
        0.01754385964912286,
        0.01754385964912286,
        0.01754385964912286,
        0.01754385964912286,
        0.01754385964912286,
        0.01754385964912286,
        0.01754385964912286,
        0.01754385964912286,
        0.01754385964912286,
        0.01754385964912286,
        0.01754385964912286,
        0.01754385964912286,
        0.01754385964912286,
        0.01754385964912286,
        0.01754385964912286,
        0.01754385964912286,
        0.01754385964912286,
        0.01754385964912286,
        0.01754385964912286
    ],
    "execution_time": 2.4616236686706543,
    "parameters": {
        "population_size": 15,
        "max_iterations": 20,
        "lower_bound": [
            0.0,
            0.0,
            0.0,
            0.0,
            0.0,
            0.0,
            0.0,
            0.0,
            0.0,
            0.0,
            0.0,
            0.0,
            0.0,
            0.0,
            0.0,
            0.0,
            0.0,
            0.0,
            0.0,
            0.0,
            0.0,
            0.0,
            0.0,
            0.0,
            0.0,
            0.0,
            0.0,
            0.0,
            0.0,
            0.0
        ],
        "upper_bound": [
            1.0,
            1.0,
            1.0,
            1.0,
            1.0,
            1.0,
            1.0,
            1.0,
            1.0,
            1.0,
            1.0,
            1.0,
            1.0,
            1.0,
            1.0,
            1.0,
            1.0,
            1.0,
            1.0,
            1.0,
            1.0,
            1.0,
            1.0,
            1.0,
            1.0,
            1.0,
            1.0,
            1.0,
            1.0,
            1.0
        ],
        "dimensions": 30,
        "verbose": false
    },
    "problem_type": "feature_selection",
    "timestamp": "2025-09-14T02:13:26.497794",
    "n_selected_features": 18,
    "selected_feature_indices": [
        0,
        3,
        4,
        5,
        6,
        7,
        8,
        9,
        10,
        11,
        16,
        18,
        19,
        20,
        22,
        26,
        27,
        28
    ]
}