{
    "algorithm_name": "AquilaOptimizer",
    "best_fitness": 0.01754385964912286,
    "best_solution": [
        0.4388406475428718,
        0.29444743919366184,
        0.3968502358109416,
        0.5828946291645207,
        0.3594339820002579,
        0.024454318043623663,
        0.37219539979984917,
        0.1993384306506123,
        0.017992273648377133,
        0.354357045193466,
        0.45648354797573054,
        0.17352042094585524,
        0.33275590986768633,
        0.3905161041605989,
        0.32346381376439715,
        0.36911972958127703,
        0.3202563440585108,
        0.43968349464586953,
        0.286651604698673,
        0.4291806711283106,
        0.459351994725826,
        0.296595504890211,
        0.7255498034347777,
        0.382737581345435,
        0.6261879654611886,
        0.5357463193611676,
        0.16628859212127406,
        0.06271690385352971,
        0.31041117736396867,
        0.34637971942111656
    ],
    "convergence_curve": [
        0.052631578947368474,
        0.052631578947368474,
        0.02631578947368418,
        0.02631578947368418,
        0.02631578947368418,
        0.02631578947368418,
        0.02631578947368418,
        0.01754385964912286,
        0.01754385964912286,
        0.01754385964912286
    ],
    "execution_time": 0.6034913063049316,
    "parameters": {
        "population_size": 10,
        "max_iterations": 10,
        "lower_bound": [
            0.0,
            0.0,
            0.0,
            0.0,
            0.0,
            0.0,
            0.0,
            0.0,
            0.0,
            0.0,
            0.0,
            0.0,
            0.0,
            0.0,
            0.0,
            0.0,
            0.0,
            0.0,
            0.0,
            0.0,
            0.0,
            0.0,
            0.0,
            0.0,
            0.0,
            0.0,
            0.0,
            0.0,
            0.0,
            0.0
        ],
        "upper_bound": [
            1.0,
            1.0,
            1.0,
            1.0,
            1.0,
            1.0,
            1.0,
            1.0,
            1.0,
            1.0,
            1.0,
            1.0,
            1.0,
            1.0,
            1.0,
            1.0,
            1.0,
            1.0,
            1.0,
            1.0,
            1.0,
            1.0,
            1.0,
            1.0,
            1.0,
            1.0,
            1.0,
            1.0,
            1.0,
            1.0
        ],
        "dimensions": 30,
        "verbose": false
    },
    "problem_type": "feature_selection",
    "timestamp": "2025-09-14T02:15:16.016756",
    "n_selected_features": 4,
    "selected_feature_indices": [
        3,
        22,
        24,
        25
    ]
}