{
    "algorithm_name": "AquilaOptimizer",
    "best_fitness": 0.01754385964912286,
    "best_solution": [
        0.16074894046970187,
        0.4276585723223922,
        0.1019093340212195,
        0.5373882738209808,
        0.6932820617076314,
        0.3829579504958387,
        0.37155446750798793,
        0.47282368479877523,
        0.4073204055144254,
        0.40450718291378684,
        0.5257774252562719,
        0.5642366522628212,
        0.6016218998825971,
        0.355853524163853,
        0.3991647529548699,
        0.5031564884783212,
        0.39964997786153705,
        0.463567843139275,
        0.19557950388548956,
        0.27434291141019673,
        0.6051364873688245,
        0.34514669437085804,
        0.5453644460904151,
        0.422850913882009,
        0.2270726674187424,
        0.5467471887523989,
        0.13582791325141894,
        0.3277061666989899,
        0.15214209738903237,
        0.2433332006839869
    ],
    "convergence_curve": [
        0.02631578947368418,
        0.02631578947368418,
        0.02631578947368418,
        0.01754385964912286,
        0.01754385964912286,
        0.01754385964912286,
        0.01754385964912286,
        0.01754385964912286,
        0.01754385964912286,
        0.01754385964912286,
        0.01754385964912286,
        0.01754385964912286,
        0.01754385964912286,
        0.01754385964912286,
        0.01754385964912286,
        0.01754385964912286,
        0.01754385964912286,
        0.01754385964912286,
        0.01754385964912286,
        0.01754385964912286,
        0.01754385964912286,
        0.01754385964912286,
        0.01754385964912286,
        0.01754385964912286,
        0.01754385964912286,
        0.01754385964912286,
        0.01754385964912286,
        0.01754385964912286,
        0.01754385964912286,
        0.01754385964912286
    ],
    "execution_time": 2.3655059337615967,
    "parameters": {
        "population_size": 15,
        "max_iterations": 30,
        "lower_bound": [
            0.0,
            0.0,
            0.0,
            0.0,
            0.0,
            0.0,
            0.0,
            0.0,
            0.0,
            0.0,
            0.0,
            0.0,
            0.0,
            0.0,
            0.0,
            0.0,
            0.0,
            0.0,
            0.0,
            0.0,
            0.0,
            0.0,
            0.0,
            0.0,
            0.0,
            0.0,
            0.0,
            0.0,
            0.0,
            0.0
        ],
        "upper_bound": [
            1.0,
            1.0,
            1.0,
            1.0,
            1.0,
            1.0,
            1.0,
            1.0,
            1.0,
            1.0,
            1.0,
            1.0,
            1.0,
            1.0,
            1.0,
            1.0,
            1.0,
            1.0,
            1.0,
            1.0,
            1.0,
            1.0,
            1.0,
            1.0,
            1.0,
            1.0,
            1.0,
            1.0,
            1.0,
            1.0
        ],
        "dimensions": 30,
        "verbose": false
    },
    "problem_type": "feature_selection",
    "timestamp": "2025-09-14T02:06:58.213215",
    "n_selected_features": 9,
    "selected_feature_indices": [
        3,
        4,
        10,
        11,
        12,
        15,
        20,
        22,
        25
    ]
}