{
    "algorithm_name": "AquilaOptimizer",
    "best_fitness": 0.02777777777777779,
    "best_solution": [
        1.0,
        0.6296940544486778,
        0.4581061042420733,
        0.9323609190940644,
        0.37596899245941895,
        0.5706016243609096,
        1.0,
        1.0,
        0.8906070510626909,
        0.5467528785184103,
        0.21080293530945857,
        0.939917530283541,
        0.11700615263188245
    ],
    "convergence_curve": [
        0.02777777777777779,
        0.02777777777777779,
        0.02777777777777779,
        0.02777777777777779,
        0.02777777777777779,
        0.02777777777777779,
        0.02777777777777779,
        0.02777777777777779,
        0.02777777777777779,
        0.02777777777777779,
        0.02777777777777779,
        0.02777777777777779,
        0.02777777777777779,
        0.02777777777777779,
        0.02777777777777779,
        0.02777777777777779,
        0.02777777777777779,
        0.02777777777777779,
        0.02777777777777779,
        0.02777777777777779,
        0.02777777777777779,
        0.02777777777777779,
        0.02777777777777779,
        0.02777777777777779,
        0.02777777777777779
    ],
    "execution_time": 1.224928855895996,
    "parameters": {
        "population_size": 20,
        "max_iterations": 25,
        "lower_bound": [
            0.0,
            0.0,
            0.0,
            0.0,
            0.0,
            0.0,
            0.0,
            0.0,
            0.0,
            0.0,
            0.0,
            0.0,
            0.0
        ],
        "upper_bound": [
            1.0,
            1.0,
            1.0,
            1.0,
            1.0,
            1.0,
            1.0,
            1.0,
            1.0,
            1.0,
            1.0,
            1.0,
            1.0
        ],
        "dimensions": 13,
        "verbose": false
    },
    "problem_type": "feature_selection",
    "timestamp": "2025-09-14T14:50:37.782373",
    "n_selected_features": 9,
    "selected_feature_indices": [
        0,
        1,
        3,
        5,
        6,
        7,
        8,
        9,
        11
    ]
}