{
    "algorithm_name": "AquilaOptimizer",
    "best_fitness": 0.0,
    "best_solution": [
        0.6373464893547329,
        0.29427675293083055,
        0.7657736300209098,
        0.7539165437091291,
        0.3437865199967888,
        0.06468256881676882,
        0.7971304720558839,
        0.15043469296825984,
        0.5738397734590873,
        0.3572245904485979,
        0.14093899305011903,
        0.10410648337490547,
        0.3767638840144616,
        0.3128965973131941,
        0.7313792282737992
    ],
    "convergence_curve": [
        0.0,
        0.0,
        0.0,
        0.0,
        0.0,
        0.0,
        0.0,
        0.0,
        0.0,
        0.0
    ],
    "execution_time": 0.24308133125305176,
    "parameters": {
        "population_size": 10,
        "max_iterations": 10,
        "lower_bound": [
            0.0,
            0.0,
            0.0,
            0.0,
            0.0,
            0.0,
            0.0,
            0.0,
            0.0,
            0.0,
            0.0,
            0.0,
            0.0,
            0.0,
            0.0
        ],
        "upper_bound": [
            1.0,
            1.0,
            1.0,
            1.0,
            1.0,
            1.0,
            1.0,
            1.0,
            1.0,
            1.0,
            1.0,
            1.0,
            1.0,
            1.0,
            1.0
        ],
        "dimensions": 15,
        "verbose": false
    },
    "problem_type": "feature_selection",
    "timestamp": "2025-09-14T02:13:54.483511",
    "n_selected_features": 6,
    "selected_feature_indices": [
        0,
        2,
        3,
        6,
        8,
        14
    ]
}