{
    "algorithm_name": "ACO",
    "best_fitness": 0.01754385964912286,
    "best_solution": [
        0.32365520852648144,
        0.0,
        0.345821718539569,
        0.58372092924458,
        0.5497451089000998,
        0.0,
        0.733623838119246,
        0.5761259399326024,
        0.2972540898695756,
        0.5437471197945951,
        0.46492574202002523,
        0.34286521062260883,
        0.05153285425083515,
        0.01766993798470584,
        0.0,
        0.5999004846523041,
        0.9083905262096519,
        0.7313460758779786,
        0.6178417303829451,
        0.8982688793160613,
        0.16607638269336844,
        0.48327504064085736,
        0.7131056000874575,
        0.22109382384601747,
        0.1359869631219,
        0.37320802011499604,
        0.8443241965923228,
        0.13706949445142858,
        0.2079716896947072,
        0.33961107968002124
    ],
    "convergence_curve": [
        0.01754385964912286,
        0.01754385964912286,
        0.01754385964912286,
        0.01754385964912286,
        0.01754385964912286,
        0.01754385964912286,
        0.01754385964912286,
        0.01754385964912286,
        0.01754385964912286,
        0.01754385964912286,
        0.01754385964912286,
        0.01754385964912286,
        0.01754385964912286,
        0.01754385964912286,
        0.01754385964912286,
        0.01754385964912286,
        0.01754385964912286,
        0.01754385964912286,
        0.01754385964912286,
        0.01754385964912286
    ],
    "execution_time": 1.6151797771453857,
    "parameters": {
        "population_size": 15,
        "max_iterations": 20,
        "lower_bound": [
            0.0,
            0.0,
            0.0,
            0.0,
            0.0,
            0.0,
            0.0,
            0.0,
            0.0,
            0.0,
            0.0,
            0.0,
            0.0,
            0.0,
            0.0,
            0.0,
            0.0,
            0.0,
            0.0,
            0.0,
            0.0,
            0.0,
            0.0,
            0.0,
            0.0,
            0.0,
            0.0,
            0.0,
            0.0,
            0.0
        ],
        "upper_bound": [
            1.0,
            1.0,
            1.0,
            1.0,
            1.0,
            1.0,
            1.0,
            1.0,
            1.0,
            1.0,
            1.0,
            1.0,
            1.0,
            1.0,
            1.0,
            1.0,
            1.0,
            1.0,
            1.0,
            1.0,
            1.0,
            1.0,
            1.0,
            1.0,
            1.0,
            1.0,
            1.0,
            1.0,
            1.0,
            1.0
        ],
        "dimensions": 30,
        "verbose": false
    },
    "problem_type": "feature_selection",
    "timestamp": "2025-09-14T02:14:52.300682",
    "n_selected_features": 12,
    "selected_feature_indices": [
        3,
        4,
        6,
        7,
        9,
        15,
        16,
        17,
        18,
        19,
        22,
        26
    ]
}