{
  "pso": {
    "algorithm": "pso",
    "runs": [
      {
        "run": 1,
        "best_fitness": 0.10080399826162545,
        "n_selected_features": 8,
        "convergence_curve": [
          0.1024626973779516,
          0.1024626973779516,
          0.1024626973779516,
          0.1024626973779516,
          0.1024626973779516,
          0.1024626973779516,
          0.1024626973779516,
          0.1024626973779516,
          0.1024626973779516,
          0.1024626973779516,
          0.1024626973779516,
          0.1024626973779516,
          0.1024626973779516,
          0.1024626973779516,
          0.1024626973779516,
          0.1024626973779516,
          0.10080399826162545,
          0.10080399826162545,
          0.10080399826162545,
          0.10080399826162545,
          0.10080399826162545,
          0.10080399826162545,
          0.10080399826162545,
          0.10080399826162545,
          0.10080399826162545,
          0.10080399826162545,
          0.10080399826162545,
          0.10080399826162545,
          0.10080399826162545,
          0.10080399826162545,
          0.10080399826162545,
          0.10080399826162545,
          0.10080399826162545,
          0.10080399826162545,
          0.10080399826162545,
          0.10080399826162545,
          0.10080399826162545,
          0.10080399826162545,
          0.10080399826162545,
          0.10080399826162545,
          0.10080399826162545,
          0.10080399826162545,
          0.10080399826162545,
          0.10080399826162545,
          0.10080399826162545,
          0.10080399826162545,
          0.10080399826162545,
          0.10080399826162545,
          0.10080399826162545,
          0.10080399826162545
        ],
        "execution_time": 39.494696378707886,
        "final_accuracy": 0.8991960017383746,
        "success": true,
        "total_iterations": 50
      }
    ],
    "statistics": {
      "mean_fitness": 0.10080399826162545,
      "std_fitness": 0.0,
      "best_fitness": 0.10080399826162545,
      "worst_fitness": 0.10080399826162545,
      "mean_time": 39.494696378707886,
      "std_time": 0.0,
      "total_runs": 1,
      "successful_runs": 1,
      "mean_features": 8.0,
      "std_features": 0.0,
      "mean_accuracy": 0.8991960017383746,
      "std_accuracy": 0.0
    },
    "task_type": "feature_selection",
    "total_execution_time": 39.494871854782104
  }
}