{
    "algorithm_name": "PSO",
    "best_fitness": 0.050000000000000044,
    "best_solution": [
        0.0,
        0.853209417920973,
        0.8318916220387672,
        1.0,
        0.29181837736631977,
        0.37202260037311374,
        0.0,
        1.0,
        0.0,
        0.7204806873431224,
        0.0,
        0.5610209515834745,
        0.9733065423568297,
        1.0,
        0.24593686716039898,
        1.0,
        0.0,
        0.0,
        1.0,
        0.0
    ],
    "convergence_curve": [
        0.09999999999999998,
        0.09999999999999998,
        0.09999999999999998,
        0.09999999999999998,
        0.09999999999999998,
        0.09999999999999998,
        0.09999999999999998,
        0.09999999999999998,
        0.09999999999999998,
        0.09999999999999998,
        0.09999999999999998,
        0.09999999999999998,
        0.09999999999999998,
        0.09999999999999998,
        0.09999999999999998,
        0.09999999999999998,
        0.050000000000000044,
        0.050000000000000044,
        0.050000000000000044,
        0.050000000000000044,
        0.050000000000000044,
        0.050000000000000044,
        0.050000000000000044,
        0.050000000000000044,
        0.050000000000000044,
        0.050000000000000044,
        0.050000000000000044,
        0.050000000000000044,
        0.050000000000000044,
        0.050000000000000044
    ],
    "execution_time": 2.5591886043548584,
    "parameters": {
        "population_size": 25,
        "max_iterations": 30,
        "lower_bound": [
            0.0,
            0.0,
            0.0,
            0.0,
            0.0,
            0.0,
            0.0,
            0.0,
            0.0,
            0.0,
            0.0,
            0.0,
            0.0,
            0.0,
            0.0,
            0.0,
            0.0,
            0.0,
            0.0,
            0.0
        ],
        "upper_bound": [
            1.0,
            1.0,
            1.0,
            1.0,
            1.0,
            1.0,
            1.0,
            1.0,
            1.0,
            1.0,
            1.0,
            1.0,
            1.0,
            1.0,
            1.0,
            1.0,
            1.0,
            1.0,
            1.0,
            1.0
        ],
        "dimensions": 20,
        "verbose": false
    },
    "problem_type": "unknown",
    "timestamp": "2025-09-11T00:38:52.493241"
}