{
  "pso": {
    "algorithm": "pso",
    "runs": [
      {
        "run": 1,
        "best_fitness": 0.10218021150224538,
        "n_selected_features": 6,
        "convergence_curve": [
          0.10645371577574969,
          0.10645371577574969,
          0.10645371577574969,
          0.10218021150224538,
          0.10218021150224538,
          0.10218021150224538,
          0.10218021150224538,
          0.10218021150224538,
          0.10218021150224538,
          0.10218021150224538,
          0.10218021150224538,
          0.10218021150224538,
          0.10218021150224538,
          0.10218021150224538,
          0.10218021150224538,
          0.10218021150224538,
          0.10218021150224538,
          0.10218021150224538,
          0.10218021150224538,
          0.10218021150224538,
          0.10218021150224538,
          0.10218021150224538,
          0.10218021150224538,
          0.10218021150224538,
          0.10218021150224538,
          0.10218021150224538,
          0.10218021150224538,
          0.10218021150224538,
          0.10218021150224538,
          0.10218021150224538,
          0.10218021150224538,
          0.10218021150224538,
          0.10218021150224538,
          0.10218021150224538,
          0.10218021150224538,
          0.10218021150224538,
          0.10218021150224538,
          0.10218021150224538,
          0.10218021150224538,
          0.10218021150224538,
          0.10218021150224538,
          0.10218021150224538,
          0.10218021150224538,
          0.10218021150224538,
          0.10218021150224538,
          0.10218021150224538,
          0.10218021150224538,
          0.10218021150224538,
          0.10218021150224538,
          0.10218021150224538
        ],
        "execution_time": 39.170549631118774,
        "final_accuracy": 0.8978197884977546,
        "success": true,
        "total_iterations": 50
      }
    ],
    "statistics": {
      "mean_fitness": 0.10218021150224538,
      "std_fitness": 0.0,
      "best_fitness": 0.10218021150224538,
      "worst_fitness": 0.10218021150224538,
      "mean_time": 39.170549631118774,
      "std_time": 0.0,
      "total_runs": 1,
      "successful_runs": 1,
      "mean_features": 6.0,
      "std_features": 0.0,
      "mean_accuracy": 0.8978197884977546,
      "std_accuracy": 0.0
    },
    "task_type": "feature_selection",
    "total_execution_time": 39.1707923412323
  },
  "alo": {
    "algorithm": "alo",
    "runs": [
      {
        "run": 1,
        "best_fitness": 0.10080399826162545,
        "n_selected_features": 8,
        "convergence_curve": [
          0.1137621324062002,
          0.1137621324062002,
          0.1137621324062002,
          0.1137621324062002,
          0.10080399826162545,
          0.10080399826162545,
          0.10080399826162545,
          0.10080399826162545,
          0.10080399826162545,
          0.10080399826162545,
          0.10080399826162545,
          0.10080399826162545,
          0.10080399826162545,
          0.10080399826162545,
          0.10080399826162545,
          0.10080399826162545,
          0.10080399826162545,
          0.10080399826162545,
          0.10080399826162545,
          0.10080399826162545,
          0.10080399826162545,
          0.10080399826162545,
          0.10080399826162545,
          0.10080399826162545,
          0.10080399826162545,
          0.10080399826162545,
          0.10080399826162545,
          0.10080399826162545,
          0.10080399826162545,
          0.10080399826162545,
          0.10080399826162545,
          0.10080399826162545,
          0.10080399826162545,
          0.10080399826162545,
          0.10080399826162545,
          0.10080399826162545,
          0.10080399826162545,
          0.10080399826162545,
          0.10080399826162545,
          0.10080399826162545,
          0.10080399826162545,
          0.10080399826162545,
          0.10080399826162545,
          0.10080399826162545,
          0.10080399826162545,
          0.10080399826162545,
          0.10080399826162545,
          0.10080399826162545,
          0.10080399826162545,
          0.10080399826162545,
          0.10080399826162545,
          0.10080399826162545,
          0.10080399826162545,
          0.10080399826162545,
          0.10080399826162545,
          0.10080399826162545,
          0.10080399826162545,
          0.10080399826162545,
          0.10080399826162545,
          0.10080399826162545,
          0.10080399826162545,
          0.10080399826162545,
          0.10080399826162545,
          0.10080399826162545,
          0.10080399826162545,
          0.10080399826162545,
          0.10080399826162545,
          0.10080399826162545,
          0.10080399826162545,
          0.10080399826162545,
          0.10080399826162545,
          0.10080399826162545,
          0.10080399826162545,
          0.10080399826162545,
          0.10080399826162545,
          0.10080399826162545,
          0.10080399826162545,
          0.10080399826162545,
          0.10080399826162545,
          0.10080399826162545,
          0.10080399826162545,
          0.10080399826162545,
          0.10080399826162545,
          0.10080399826162545,
          0.10080399826162545,
          0.10080399826162545,
          0.10080399826162545,
          0.10080399826162545,
          0.10080399826162545,
          0.10080399826162545,
          0.10080399826162545,
          0.10080399826162545,
          0.10080399826162545,
          0.10080399826162545,
          0.10080399826162545,
          0.10080399826162545,
          0.10080399826162545,
          0.10080399826162545,
          0.10080399826162545,
          0.10080399826162545
        ],
        "execution_time": 85.44979119300842,
        "final_accuracy": 0.8991960017383746,
        "success": true,
        "total_iterations": 100
      }
    ],
    "statistics": {
      "mean_fitness": 0.10080399826162545,
      "std_fitness": 0.0,
      "best_fitness": 0.10080399826162545,
      "worst_fitness": 0.10080399826162545,
      "mean_time": 85.44979119300842,
      "std_time": 0.0,
      "total_runs": 1,
      "successful_runs": 1,
      "mean_features": 8.0,
      "std_features": 0.0,
      "mean_accuracy": 0.8991960017383746,
      "std_accuracy": 0.0
    },
    "task_type": "feature_selection",
    "total_execution_time": 85.44995188713074
  }
}