{
  "pso": {
    "algorithm": "pso",
    "runs": [
      {
        "run": 1,
        "best_fitness": 0.09847892220773577,
        "n_selected_features": 7,
        "convergence_curve": [
          0.1153339127915399,
          0.1153339127915399,
          0.1153339127915399,
          0.1153339127915399,
          0.1153339127915399,
          0.1110604085180357,
          0.1110604085180357,
          0.1110604085180357,
          0.1110604085180357,
          0.1110604085180357,
          0.1110604085180357,
          0.1110604085180357,
          0.1110604085180357,
          0.1110604085180357,
          0.1110604085180357,
          0.1110604085180357,
          0.1110604085180357,
          0.1110604085180357,
          0.1110604085180357,
          0.09847892220773577,
          0.09847892220773577,
          0.09847892220773577,
          0.09847892220773577,
          0.09847892220773577,
          0.09847892220773577,
          0.09847892220773577,
          0.09847892220773577,
          0.09847892220773577,
          0.09847892220773577,
          0.09847892220773577,
          0.09847892220773577,
          0.09847892220773577,
          0.09847892220773577,
          0.09847892220773577,
          0.09847892220773577,
          0.09847892220773577,
          0.09847892220773577,
          0.09847892220773577,
          0.09847892220773577,
          0.09847892220773577,
          0.09847892220773577,
          0.09847892220773577,
          0.09847892220773577,
          0.09847892220773577,
          0.09847892220773577,
          0.09847892220773577,
          0.09847892220773577,
          0.09847892220773577,
          0.09847892220773577,
          0.09847892220773577
        ],
        "execution_time": 39.92691493034363,
        "final_accuracy": 0.9015210777922642,
        "success": true,
        "total_iterations": 50
      }
    ],
    "statistics": {
      "mean_fitness": 0.09847892220773577,
      "std_fitness": 0.0,
      "best_fitness": 0.09847892220773577,
      "worst_fitness": 0.09847892220773577,
      "mean_time": 39.92691493034363,
      "std_time": 0.0,
      "total_runs": 1,
      "successful_runs": 1,
      "mean_features": 7.0,
      "std_features": 0.0,
      "mean_accuracy": 0.9015210777922642,
      "std_accuracy": 0.0
    },
    "task_type": "feature_selection",
    "total_execution_time": 39.92707920074463
  }
}