{
  "pso": {
    "algorithm": "pso",
    "runs": [
      {
        "run": 1,
        "best_fitness": 0.07373990531885266,
        "n_selected_features": 10,
        "convergence_curve": [
          0.08253968253968269,
          0.07373990531885266,
          0.07373990531885266,
          0.07373990531885266,
          0.07373990531885266,
          0.07373990531885266,
          0.07373990531885266,
          0.07373990531885266,
          0.07373990531885266,
          0.07373990531885266,
          0.07373990531885266,
          0.07373990531885266,
          0.07373990531885266,
          0.07373990531885266,
          0.07373990531885266,
          0.07373990531885266,
          0.07373990531885266,
          0.07373990531885266,
          0.07373990531885266,
          0.07373990531885266
        ],
        "execution_time": 20.09446692466736,
        "final_accuracy": 0.9262600946811473,
        "success": true,
        "total_iterations": 20
      }
    ],
    "statistics": {
      "mean_fitness": 0.07373990531885266,
      "std_fitness": 0.0,
      "best_fitness": 0.07373990531885266,
      "worst_fitness": 0.07373990531885266,
      "mean_time": 20.09446692466736,
      "std_time": 0.0,
      "total_runs": 1,
      "successful_runs": 1,
      "mean_features": 10.0,
      "std_features": 0.0,
      "mean_accuracy": 0.9262600946811473,
      "std_accuracy": 0.0
    },
    "task_type": "feature_selection",
    "total_execution_time": 20.09463906288147
  },
  "ssa": {
    "algorithm": "ssa",
    "runs": [
      {
        "run": 1,
        "best_fitness": 0.05844890002784743,
        "n_selected_features": 7,
        "convergence_curve": [
          0.08761811937250534,
          0.0853188526872736,
          0.0853188526872736,
          0.0853188526872736,
          0.0853188526872736,
          0.07511556669451411,
          0.07511556669451411,
          0.07511556669451411,
          0.07511556669451411,
          0.07511556669451411,
          0.07511556669451411,
          0.07511556669451411,
          0.07059129304743345,
          0.07020328599275971,
          0.07020328599275971,
          0.07020328599275971,
          0.07020328599275971,
          0.07020328599275971,
          0.0688276246170984,
          0.0688276246170984,
          0.0688276246170984,
          0.0688276246170984,
          0.0688276246170984,
          0.06691636498654038,
          0.06691636498654038,
          0.06691636498654038,
          0.06691636498654038,
          0.06691636498654038,
          0.06691636498654038,
          0.06672236145920352,
          0.06528172282558248,
          0.060231133389028094,
          0.060231133389028094,
          0.060231133389028094,
          0.060231133389028094,
          0.060231133389028094,
          0.060231133389028094,
          0.060231133389028094,
          0.060231133389028094,
          0.060231133389028094,
          0.060231133389028094,
          0.060231133389028094,
          0.060231133389028094,
          0.060231133389028094,
          0.060231133389028094,
          0.060231133389028094,
          0.060231133389028094,
          0.060231133389028094,
          0.05844890002784743,
          0.05844890002784743,
          0.05844890002784743,
          0.05844890002784743,
          0.05844890002784743,
          0.05844890002784743,
          0.05844890002784743,
          0.05844890002784743,
          0.05844890002784743,
          0.05844890002784743,
          0.05844890002784743,
          0.05844890002784743,
          0.05844890002784743,
          0.05844890002784743,
          0.05844890002784743,
          0.05844890002784743,
          0.05844890002784743,
          0.05844890002784743,
          0.05844890002784743,
          0.05844890002784743,
          0.05844890002784743,
          0.05844890002784743,
          0.05844890002784743,
          0.05844890002784743,
          0.05844890002784743,
          0.05844890002784743,
          0.05844890002784743,
          0.05844890002784743,
          0.05844890002784743,
          0.05844890002784743,
          0.05844890002784743,
          0.05844890002784743,
          0.05844890002784743,
          0.05844890002784743,
          0.05844890002784743,
          0.05844890002784743,
          0.05844890002784743,
          0.05844890002784743,
          0.05844890002784743,
          0.05844890002784743,
          0.05844890002784743,
          0.05844890002784743,
          0.05844890002784743,
          0.05844890002784743,
          0.05844890002784743,
          0.05844890002784743,
          0.05844890002784743,
          0.05844890002784743,
          0.05844890002784743,
          0.05844890002784743,
          0.05844890002784743,
          0.05844890002784743
        ],
        "execution_time": 153.04019927978516,
        "final_accuracy": 0.9415510999721526,
        "success": true,
        "total_iterations": 100
      }
    ],
    "statistics": {
      "mean_fitness": 0.05844890002784743,
      "std_fitness": 0.0,
      "best_fitness": 0.05844890002784743,
      "worst_fitness": 0.05844890002784743,
      "mean_time": 153.04019927978516,
      "std_time": 0.0,
      "total_runs": 1,
      "successful_runs": 1,
      "mean_features": 7.0,
      "std_features": 0.0,
      "mean_accuracy": 0.9415510999721526,
      "std_accuracy": 0.0
    },
    "task_type": "feature_selection",
    "total_execution_time": 153.0403754711151
  }
}