{
    "algorithm_name": "SineCosinAlgorithm",
    "best_fitness": 0.07499999999999996,
    "best_solution": [
        0.01784218086623326,
        1.0,
        0.9864344530863146,
        0.0,
        0.029034060813150717,
        0.0,
        0.0,
        0.8325290006950508,
        0.9737612230628759,
        0.0,
        0.7125537097414718,
        0.0,
        0.6114630279176914,
        1.0,
        1.0,
        0.24954768758891893,
        0.05830736598528102,
        0.0,
        1.0,
        0.0
    ],
    "convergence_curve": [
        0.125,
        0.125,
        0.125,
        0.09999999999999998,
        0.09999999999999998,
        0.09999999999999998,
        0.09999999999999998,
        0.09999999999999998,
        0.09999999999999998,
        0.09999999999999998,
        0.09999999999999998,
        0.09999999999999998,
        0.09999999999999998,
        0.09999999999999998,
        0.07499999999999996,
        0.07499999999999996,
        0.07499999999999996,
        0.07499999999999996,
        0.07499999999999996,
        0.07499999999999996,
        0.07499999999999996,
        0.07499999999999996,
        0.07499999999999996,
        0.07499999999999996,
        0.07499999999999996,
        0.07499999999999996,
        0.07499999999999996,
        0.07499999999999996,
        0.07499999999999996,
        0.07499999999999996
    ],
    "execution_time": 2.2487847805023193,
    "parameters": {
        "population_size": 25,
        "max_iterations": 30,
        "lower_bound": [
            0.0,
            0.0,
            0.0,
            0.0,
            0.0,
            0.0,
            0.0,
            0.0,
            0.0,
            0.0,
            0.0,
            0.0,
            0.0,
            0.0,
            0.0,
            0.0,
            0.0,
            0.0,
            0.0,
            0.0
        ],
        "upper_bound": [
            1.0,
            1.0,
            1.0,
            1.0,
            1.0,
            1.0,
            1.0,
            1.0,
            1.0,
            1.0,
            1.0,
            1.0,
            1.0,
            1.0,
            1.0,
            1.0,
            1.0,
            1.0,
            1.0,
            1.0
        ],
        "dimensions": 20,
        "verbose": false
    },
    "problem_type": "unknown",
    "timestamp": "2025-09-11T00:38:47.493412"
}