{
    "algorithm_name": "AquilaOptimizer",
    "best_fitness": 0.12985054909041469,
    "best_solution": [
        0.11291428912118484,
        0.10224916075323942,
        0.1206262442068925,
        0.10764326399017843,
        0.10780724151169718,
        0.12941706468826136,
        0.12010025230424776,
        0.09893005234764657,
        0.11176643239495551,
        0.12423413068788708
    ],
    "convergence_curve": [
        1133.462260864684,
        1133.462260864684,
        290.14814252583545,
        290.14814252583545,
        290.14814252583545,
        246.71103711306552,
        246.71103711306552,
        246.71103711306552,
        246.71103711306552,
        246.71103711306552,
        50.705077487832774,
        50.705077487832774,
        21.03091559912313,
        8.071572805891531,
        8.071572805891531,
        0.41049343725765014,
        0.41049343725765014,
        0.41049343725765014,
        0.41049343725765014,
        0.12985054909041469
    ],
    "execution_time": 0.007998466491699219,
    "parameters": {
        "population_size": 15,
        "max_iterations": 20,
        "lower_bound": [
            -100.0,
            -100.0,
            -100.0,
            -100.0,
            -100.0,
            -100.0,
            -100.0,
            -100.0,
            -100.0,
            -100.0
        ],
        "upper_bound": [
            100.0,
            100.0,
            100.0,
            100.0,
            100.0,
            100.0,
            100.0,
            100.0,
            100.0,
            100.0
        ],
        "dimensions": 10,
        "verbose": false
    },
    "problem_type": "function_optimization",
    "timestamp": "2025-09-14T02:14:52.312678"
}