{
    "algorithm_name": "GWO",
    "best_fitness": 23.7655296823419,
    "best_solution": [
        -1.9292669630398318,
        -1.3846649388355727,
        -0.8685898806150458,
        -2.2897140809986403,
        0.09408726883049306,
        -1.5332195449575547,
        1.2107754462364466,
        1.248314686216381,
        1.6609866247877914,
        -1.9965382113653114
    ],
    "convergence_curve": [
        19235.11542450075,
        10330.185022398593,
        5672.532990488013,
        2521.7590825841517,
        1943.5735584699078,
        1310.6114666557091,
        446.035316261471,
        387.48308125153994,
        156.81293473949245,
        120.74017539087035,
        78.35808789833865,
        64.96045142299424,
        46.224885968401516,
        39.49922243818304,
        34.2130781927405,
        30.26282442933677,
        27.42848441055822,
        25.287298984662115,
        24.25638676992083,
        23.7655296823419
    ],
    "execution_time": 0.026007652282714844,
    "parameters": {
        "population_size": 15,
        "max_iterations": 20,
        "lower_bound": [
            -100.0,
            -100.0,
            -100.0,
            -100.0,
            -100.0,
            -100.0,
            -100.0,
            -100.0,
            -100.0,
            -100.0
        ],
        "upper_bound": [
            100.0,
            100.0,
            100.0,
            100.0,
            100.0,
            100.0,
            100.0,
            100.0,
            100.0,
            100.0
        ],
        "dimensions": 10,
        "verbose": false
    },
    "problem_type": "function_optimization",
    "timestamp": "2025-09-14T02:13:30.627979"
}