{
    "algorithm_name": "PSO",
    "best_fitness": 205.13387350684604,
    "best_solution": [
        7.29888571757607,
        -2.1536979150879034,
        -4.706234644854796,
        -5.551069378787304,
        9.708692512311558
    ],
    "convergence_curve": [
        2377.1537353110216,
        1757.4993615868154,
        1757.4993615868154,
        1639.3292450292713,
        1488.3766374037807,
        775.4227645206201,
        775.4227645206201,
        775.4227645206201,
        775.4227645206201,
        775.4227645206201,
        705.4560355041887,
        705.4560355041887,
        705.4560355041887,
        653.4936671006423,
        565.2873185955493,
        482.02209227762427,
        482.02209227762427,
        482.02209227762427,
        482.02209227762427,
        482.02209227762427,
        482.02209227762427,
        482.02209227762427,
        482.02209227762427,
        482.02209227762427,
        482.02209227762427,
        482.02209227762427,
        482.02209227762427,
        482.02209227762427,
        482.02209227762427,
        482.02209227762427,
        482.02209227762427,
        388.4324188650805,
        388.4324188650805,
        388.4324188650805,
        388.4324188650805,
        313.05013409084347,
        313.05013409084347,
        313.05013409084347,
        313.05013409084347,
        313.05013409084347,
        205.13387350684604,
        205.13387350684604,
        205.13387350684604,
        205.13387350684604,
        205.13387350684604,
        205.13387350684604,
        205.13387350684604,
        205.13387350684604,
        205.13387350684604,
        205.13387350684604
    ],
    "execution_time": 0.0464780330657959,
    "parameters": {
        "population_size": 25,
        "max_iterations": 50,
        "lower_bound": [
            -100.0,
            -100.0,
            -100.0,
            -100.0,
            -100.0
        ],
        "upper_bound": [
            100.0,
            100.0,
            100.0,
            100.0,
            100.0
        ],
        "dimensions": 5,
        "verbose": true
    },
    "problem_type": "function_optimization",
    "timestamp": "2025-09-11T00:40:40.528224"
}