{
    "algorithm_name": "PSO",
    "best_fitness": 1623.5316875969688,
    "best_solution": [
        16.488722070742583,
        -6.824386716702165,
        -3.074431379598039,
        22.957590743706785,
        4.434234101499346,
        -1.4377385855477627,
        -8.325293964277975,
        8.745089268869513,
        -17.64241620977874,
        -17.02371572277361
    ],
    "convergence_curve": [
        3759.373037336358,
        3759.373037336358,
        3759.373037336358,
        3759.373037336358,
        3759.373037336358,
        2464.053783776998,
        2456.938927206227,
        2119.770695320691,
        2119.770695320691,
        2009.2384169893503,
        2009.2384169893503,
        2009.2384169893503,
        2009.2384169893503,
        1667.121806514059,
        1667.121806514059,
        1667.121806514059,
        1623.5316875969688,
        1623.5316875969688,
        1623.5316875969688,
        1623.5316875969688
    ],
    "execution_time": 0.009954690933227539,
    "parameters": {
        "population_size": 15,
        "max_iterations": 20,
        "lower_bound": [
            -100.0,
            -100.0,
            -100.0,
            -100.0,
            -100.0,
            -100.0,
            -100.0,
            -100.0,
            -100.0,
            -100.0
        ],
        "upper_bound": [
            100.0,
            100.0,
            100.0,
            100.0,
            100.0,
            100.0,
            100.0,
            100.0,
            100.0,
            100.0
        ],
        "dimensions": 10,
        "verbose": false
    },
    "problem_type": "function_optimization",
    "timestamp": "2025-09-14T02:14:52.324629"
}