{
    "algorithm_name": "DE",
    "best_fitness": 499.00872732043314,
    "best_solution": [
        -2.8090457567867144,
        -5.962545259109168,
        -6.254476338736081,
        7.138439858826089,
        -3.10093813007503,
        -14.226280784749779,
        5.345571764558365,
        -4.2179013384483355,
        6.677372677519102,
        -7.907858628061039
    ],
    "convergence_curve": [
        8813.083910408106,
        8813.083910408106,
        8813.083910408106,
        6996.261557657054,
        6996.261557657054,
        6171.548214567145,
        6171.548214567145,
        6171.548214567145,
        3122.7386284980066,
        3122.7386284980066,
        3122.7386284980066,
        3122.7386284980066,
        1986.8907655917774,
        1986.8907655917774,
        1295.8067091607465,
        1295.8067091607465,
        1295.633572720977,
        773.3560776097271,
        516.5826283370316,
        499.00872732043314
    ],
    "execution_time": 0.019003629684448242,
    "parameters": {
        "population_size": 15,
        "max_iterations": 20,
        "lower_bound": [
            -100.0,
            -100.0,
            -100.0,
            -100.0,
            -100.0,
            -100.0,
            -100.0,
            -100.0,
            -100.0,
            -100.0
        ],
        "upper_bound": [
            100.0,
            100.0,
            100.0,
            100.0,
            100.0,
            100.0,
            100.0,
            100.0,
            100.0,
            100.0
        ],
        "dimensions": 10,
        "verbose": false
    },
    "problem_type": "function_optimization",
    "timestamp": "2025-09-14T02:14:52.421828"
}