{
    "algorithm_name": "PSO",
    "best_fitness": 72.12210411191097,
    "best_solution": [
        -6.028342661806974,
        -0.47871682679780747,
        3.6942616551054344,
        -4.631622386176288,
        0.6726990106860065
    ],
    "convergence_curve": [
        3261.723053064413,
        3261.723053064413,
        2801.7969141388867,
        1105.9838242996645,
        779.486991214821,
        779.486991214821,
        258.7116253805081,
        258.7116253805081,
        245.97879641064657,
        245.97879641064657,
        245.97879641064657,
        188.62416518708517,
        188.62416518708517,
        72.12210411191097,
        72.12210411191097
    ],
    "execution_time": 0.006005048751831055,
    "parameters": {
        "population_size": 10,
        "max_iterations": 15,
        "lower_bound": [
            -100.0,
            -100.0,
            -100.0,
            -100.0,
            -100.0
        ],
        "upper_bound": [
            100.0,
            100.0,
            100.0,
            100.0,
            100.0
        ],
        "dimensions": 5,
        "verbose": false
    },
    "problem_type": "function_optimization",
    "timestamp": "2025-09-14T02:17:51.012567"
}