{
    "algorithm_name": "SineCosinAlgorithm",
    "best_fitness": 3.6709683136695186e-25,
    "best_solution": [
        6.058851635144665e-13
    ],
    "convergence_curve": [
        3.5242003761003433,
        0.5861595711348706,
        0.5861595711348706,
        0.00851622743595251,
        0.00851622743595251,
        0.00851622743595251,
        0.00015301103217562378,
        0.0001015789062055699,
        0.0001015789062055699,
        0.0001015789062055699,
        1.8185216836676295e-06,
        1.8185216836676295e-06,
        1.8185216836676295e-06,
        1.8185216836676295e-06,
        1.8185216836676295e-06,
        3.1763215141218914e-07,
        3.1763215141218914e-07,
        2.8836762523370327e-07,
        1.0102983926915504e-07,
        1.0102983926915504e-07,
        1.0102983926915504e-07,
        1.0102983926915504e-07,
        1.0102983926915504e-07,
        1.0102983926915504e-07,
        1.0102983926915504e-07,
        2.755358581739915e-08,
        2.630707645102091e-08,
        2.1134030844889645e-08,
        4.112775250733772e-09,
        4.112775250733772e-09,
        4.112775250733772e-09,
        4.112775250733772e-09,
        3.3284914461749675e-10,
        3.3284914461749675e-10,
        2.2483566533494295e-10,
        1.84524701382965e-11,
        8.998627307107236e-12,
        1.9971954252521037e-12,
        3.797428752229076e-13,
        3.797428752229076e-13,
        4.5317575353136296e-15,
        4.5317575353136296e-15,
        9.348736739328797e-16,
        4.3558129593668415e-16,
        1.6865586340319219e-16,
        8.036326311264819e-17,
        8.036326311264819e-17,
        8.036326311264819e-17,
        8.036326311264819e-17,
        8.036326311264819e-17,
        5.223536751690193e-18,
        5.223536751690193e-18,
        5.223536751690193e-18,
        2.0099097132777868e-22,
        2.0099097132777868e-22,
        2.0099097132777868e-22,
        2.0099097132777868e-22,
        2.0099097132777868e-22,
        1.7736995463338355e-22,
        5.431329119232205e-23,
        5.431329119232205e-23,
        4.2712495291554456e-23,
        1.0151618216180658e-23,
        1.0151618216180658e-23,
        1.0151618216180658e-23,
        1.0151618216180658e-23,
        1.0151618216180658e-23,
        1.0151618216180658e-23,
        1.0151618216180658e-23,
        1.0151618216180658e-23,
        1.0151618216180658e-23,
        1.0151618216180658e-23,
        1.0151618216180658e-23,
        1.0151618216180658e-23,
        1.0151618216180658e-23,
        1.0151618216180658e-23,
        3.713494768914327e-24,
        2.8391992123416902e-24,
        2.8391992123416902e-24,
        1.5013108007426662e-24,
        1.225962510643868e-24,
        1.0919840492745312e-24,
        1.039584475529921e-24,
        7.685377544944704e-25,
        7.685377544944704e-25,
        7.685377544944704e-25,
        7.685377544944704e-25,
        7.685377544944704e-25,
        7.480981340857063e-25,
        6.893966875112736e-25,
        4.594077708385867e-25,
        3.6709683136695186e-25,
        3.6709683136695186e-25,
        3.6709683136695186e-25,
        3.6709683136695186e-25,
        3.6709683136695186e-25,
        3.6709683136695186e-25,
        3.6709683136695186e-25,
        3.6709683136695186e-25,
        3.6709683136695186e-25
    ],
    "execution_time": 0.024721860885620117,
    "parameters": {
        "population_size": 30,
        "max_iterations": 100,
        "lower_bound": [
            -100.0
        ],
        "upper_bound": [
            100.0
        ],
        "dimensions": 1,
        "verbose": true
    },
    "problem_type": "function_optimization",
    "timestamp": "2025-09-14T01:44:14.245068"
}