{
    "algorithm_name": "PSO",
    "best_fitness": 54.17859817843391,
    "best_solution": [
        5.728064858769655,
        3.408233080555451,
        -0.5280732740576788,
        0.23948582146322495,
        -3.0684855514265776
    ],
    "convergence_curve": [
        435.38711298965814,
        428.6551318106314,
        295.0947782378431,
        295.0947782378431,
        295.0947782378431,
        208.14986016137001,
        208.14986016137001,
        191.31837680258508,
        191.31837680258508,
        123.50888989110675,
        123.50888989110675,
        101.80570439627047,
        101.80570439627047,
        101.80570439627047,
        101.80570439627047,
        101.80570439627047,
        101.80570439627047,
        101.80570439627047,
        101.80570439627047,
        101.80570439627047,
        82.23377103957921,
        75.44412057221838,
        75.44412057221838,
        75.44412057221838,
        75.44412057221838,
        75.44412057221838,
        75.44412057221838,
        75.44412057221838,
        75.44412057221838,
        75.44412057221838,
        67.32297640745124,
        67.32297640745124,
        67.32297640745124,
        67.32297640745124,
        67.32297640745124,
        67.32297640745124,
        67.32297640745124,
        64.53060888415884,
        64.53060888415884,
        64.53060888415884,
        64.53060888415884,
        64.53060888415884,
        55.9544740922032,
        55.9544740922032,
        54.17859817843391,
        54.17859817843391,
        54.17859817843391,
        54.17859817843391,
        54.17859817843391,
        54.17859817843391
    ],
    "execution_time": 0.04410290718078613,
    "parameters": {
        "population_size": 30,
        "max_iterations": 50,
        "lower_bound": [
            -100.0,
            -100.0,
            -100.0,
            -100.0,
            -100.0
        ],
        "upper_bound": [
            100.0,
            100.0,
            100.0,
            100.0,
            100.0
        ],
        "dimensions": 5,
        "verbose": true
    },
    "problem_type": "function_optimization",
    "timestamp": "2025-09-14T01:34:43.628760"
}