{
    "algorithm_name": "AquilaOptimizer",
    "best_fitness": 145.04863737506778,
    "best_solution": [
        2.5098714184274646,
        -7.498626144114255,
        4.147493497122548,
        -7.841991452510609,
        1.9548034527572273
    ],
    "convergence_curve": [
        1954.1303905040977,
        521.1834250175482,
        145.04863737506778,
        145.04863737506778,
        145.04863737506778,
        145.04863737506778,
        145.04863737506778,
        145.04863737506778,
        145.04863737506778,
        145.04863737506778
    ],
    "execution_time": 0.0030205249786376953,
    "parameters": {
        "population_size": 10,
        "max_iterations": 10,
        "lower_bound": [
            -100.0,
            -100.0,
            -100.0,
            -100.0,
            -100.0
        ],
        "upper_bound": [
            100.0,
            100.0,
            100.0,
            100.0,
            100.0
        ],
        "dimensions": 5,
        "verbose": true
    },
    "problem_type": "function_optimization",
    "timestamp": "2025-09-14T01:32:03.723363"
}