{
    "algorithm_name": "BA",
    "best_fitness": 5520.295788211642,
    "best_solution": [
        -1.7388049134697723,
        -56.15488680980473,
        3.344312126882963,
        17.252144267990385,
        -25.02340323131752,
        10.397261494796515,
        4.080844802523157,
        7.192592003673525,
        -32.16172456232273,
        14.766284938751228
    ],
    "convergence_curve": [
        15929.577383501151,
        15928.76148939392,
        15927.940819170384,
        7703.728567881234,
        7703.515532725921,
        5522.504455686705,
        5522.240312740297,
        5522.054267884942,
        5521.719439095146,
        5521.528768552949,
        5521.27624546778,
        5520.844469842035,
        5520.844469842035,
        5520.77797643489,
        5520.748490674157,
        5520.658215561194,
        5520.517548829604,
        5520.517548829604,
        5520.295788211642,
        5520.295788211642
    ],
    "execution_time": 0.006990194320678711,
    "parameters": {
        "population_size": 15,
        "max_iterations": 20,
        "lower_bound": [
            -100.0,
            -100.0,
            -100.0,
            -100.0,
            -100.0,
            -100.0,
            -100.0,
            -100.0,
            -100.0,
            -100.0
        ],
        "upper_bound": [
            100.0,
            100.0,
            100.0,
            100.0,
            100.0,
            100.0,
            100.0,
            100.0,
            100.0,
            100.0
        ],
        "dimensions": 10,
        "verbose": false
    },
    "problem_type": "function_optimization",
    "timestamp": "2025-09-14T02:13:30.731094"
}