{
    "algorithm_name": "FA",
    "best_fitness": 18724.502593944264,
    "best_solution": [
        7.130535831334072,
        64.01596413835665,
        -19.250428554207915,
        67.8239531366786,
        -45.869689464328054,
        -7.594380522743236,
        38.94381751703665,
        -47.672604087254115,
        52.602026804354324,
        29.782082117734348
    ],
    "convergence_curve": [
        18724.502593944264,
        18724.502593944264,
        18724.502593944264,
        18724.502593944264,
        18724.502593944264,
        18724.502593944264,
        18724.502593944264,
        18724.502593944264,
        18724.502593944264,
        18724.502593944264,
        18724.502593944264,
        18724.502593944264,
        18724.502593944264,
        18724.502593944264,
        18724.502593944264,
        18724.502593944264,
        18724.502593944264,
        18724.502593944264,
        18724.502593944264,
        18724.502593944264
    ],
    "execution_time": 0.037039995193481445,
    "parameters": {
        "population_size": 15,
        "max_iterations": 20,
        "lower_bound": [
            -100.0,
            -100.0,
            -100.0,
            -100.0,
            -100.0,
            -100.0,
            -100.0,
            -100.0,
            -100.0,
            -100.0
        ],
        "upper_bound": [
            100.0,
            100.0,
            100.0,
            100.0,
            100.0,
            100.0,
            100.0,
            100.0,
            100.0,
            100.0
        ],
        "dimensions": 10,
        "verbose": false
    },
    "problem_type": "function_optimization",
    "timestamp": "2025-09-14T02:14:52.461869"
}