{
    "algorithm_name": "GWO",
    "best_fitness": 2.497802621829375e-06,
    "best_solution": [
        0.0008373704501093179,
        0.0008449707820209672,
        0.0005127698295248115,
        0.0009053755190930801
    ],
    "convergence_curve": [
        8.388881952525935,
        2.764273873462119,
        0.9335076501609654,
        0.20674281762220253,
        0.17571532862674033,
        0.03556204818160153,
        0.012590568099422687,
        0.0021056325316607637,
        0.0011432144243308292,
        0.0005158857729688647,
        0.00024866066671843116,
        0.00014027623874983435,
        1.6379444321530625e-05,
        1.6379444321530625e-05,
        1.6379444321530625e-05,
        8.759965441526862e-06,
        7.930728719017278e-06,
        5.224347060496782e-06,
        4.3910620924538406e-06,
        4.075698214734528e-06,
        3.31363208303053e-06,
        2.846888944885143e-06,
        2.7245944684562263e-06,
        2.5925311791284643e-06,
        2.497802621829375e-06
    ],
    "execution_time": 0.02031230926513672,
    "parameters": {
        "population_size": 20,
        "max_iterations": 25,
        "lower_bound": [
            -5,
            -5,
            -5,
            -5
        ],
        "upper_bound": [
            5,
            5,
            5,
            5
        ],
        "dimensions": 4,
        "verbose": true
    },
    "problem_type": "function_optimization",
    "timestamp": "2025-09-14T01:44:14.216831"
}