{
    "algorithm_name": "PSO",
    "best_fitness": 36.906628830484706,
    "best_solution": [
        -1.7632339910651493,
        0.25446908640477517,
        2.8576433400398358,
        4.611368276271573,
        -2.0741353304506447
    ],
    "convergence_curve": [
        2627.704544013056,
        1386.874326682736,
        1279.4468583964851,
        1264.0427579597158,
        758.6481275110718,
        758.6481275110718,
        616.1438861013179,
        616.1438861013179,
        587.4010426659322,
        475.0721414757975,
        433.0525606119659,
        433.0525606119659,
        433.0525606119659,
        433.0525606119659,
        411.3169774806165,
        399.9335982912976,
        399.9335982912976,
        264.963639173406,
        264.963639173406,
        264.963639173406,
        245.45681126293766,
        245.45681126293766,
        245.45681126293766,
        245.45681126293766,
        245.45681126293766,
        171.41792020951993,
        171.41792020951993,
        171.41792020951993,
        171.41792020951993,
        170.79798422233455,
        170.79798422233455,
        170.79798422233455,
        170.79798422233455,
        170.79798422233455,
        170.79798422233455,
        170.79798422233455,
        170.79798422233455,
        170.79798422233455,
        170.79798422233455,
        170.79798422233455,
        170.79798422233455,
        170.79798422233455,
        170.79798422233455,
        170.79798422233455,
        170.79798422233455,
        170.79798422233455,
        36.906628830484706,
        36.906628830484706,
        36.906628830484706,
        36.906628830484706
    ],
    "execution_time": 0.04061579704284668,
    "parameters": {
        "population_size": 30,
        "max_iterations": 50,
        "lower_bound": [
            -100.0,
            -100.0,
            -100.0,
            -100.0,
            -100.0
        ],
        "upper_bound": [
            100.0,
            100.0,
            100.0,
            100.0,
            100.0
        ],
        "dimensions": 5,
        "verbose": true
    },
    "problem_type": "function_optimization",
    "timestamp": "2025-09-14T01:56:54.487707"
}