{
    "algorithm_name": "SineCosinAlgorithm",
    "best_fitness": 3223.124023654713,
    "best_solution": [
        5.707136524490966,
        1.9322679263425302,
        -3.2709042329905205,
        -1.8361713277535878,
        -22.881636099023822,
        -31.28238532644926,
        -31.915044605102178,
        1.771900269202444,
        -2.3477479656835025,
        25.364741115561813
    ],
    "convergence_curve": [
        12014.18901007264,
        12014.18901007264,
        12014.18901007264,
        12014.18901007264,
        12014.18901007264,
        12014.18901007264,
        12014.18901007264,
        12014.18901007264,
        9018.47741840572,
        9018.47741840572,
        9018.47741840572,
        5775.477836127535,
        5775.477836127535,
        3223.124023654713,
        3223.124023654713,
        3223.124023654713,
        3223.124023654713,
        3223.124023654713,
        3223.124023654713,
        3223.124023654713
    ],
    "execution_time": 0.014997243881225586,
    "parameters": {
        "population_size": 15,
        "max_iterations": 20,
        "lower_bound": [
            -100.0,
            -100.0,
            -100.0,
            -100.0,
            -100.0,
            -100.0,
            -100.0,
            -100.0,
            -100.0,
            -100.0
        ],
        "upper_bound": [
            100.0,
            100.0,
            100.0,
            100.0,
            100.0,
            100.0,
            100.0,
            100.0,
            100.0,
            100.0
        ],
        "dimensions": 10,
        "verbose": false
    },
    "problem_type": "function_optimization",
    "timestamp": "2025-09-14T02:13:30.598972"
}