{
    "algorithm_name": "SineCosinAlgorithm",
    "best_fitness": 8.892449126221053e-11,
    "best_solution": [
        -8.326234477521237e-06,
        4.4068366164695745e-06,
        4.220209986365411e-07
    ],
    "convergence_curve": [
        529.5748205123369,
        518.1221666907145,
        419.5630458861826,
        32.72187655521468,
        32.72187655521468,
        32.72187655521468,
        32.72187655521468,
        32.72187655521468,
        32.72187655521468,
        32.72187655521468,
        32.72187655521468,
        21.71742417016625,
        20.033598355291883,
        14.591276359441844,
        0.44511838867675513,
        0.44511838867675513,
        0.44511838867675513,
        0.44511838867675513,
        0.44511838867675513,
        0.44511838867675513,
        0.44511838867675513,
        0.44511838867675513,
        0.44511838867675513,
        0.44511838867675513,
        0.44511838867675513,
        0.44511838867675513,
        0.2105355461829056,
        0.05770224781186017,
        0.05770224781186017,
        0.05770224781186017,
        0.05770224781186017,
        0.03039879635275902,
        0.03039879635275902,
        0.005232516269460354,
        0.0017697913118663688,
        0.00015574129082269005,
        0.00015574129082269005,
        0.00015574129082269005,
        0.00015574129082269005,
        0.00015574129082269005,
        7.443545300917333e-05,
        5.49068196961672e-05,
        4.690107321412219e-05,
        4.690107321412219e-05,
        3.240047419186301e-05,
        1.2764851598765588e-05,
        3.0391297872813157e-06,
        2.813120561561003e-06,
        5.858401591444477e-07,
        1.487427864593125e-07,
        1.487427864593125e-07,
        5.843009204260366e-08,
        2.7958707456982367e-08,
        2.138579644238385e-08,
        2.138579644238385e-08,
        1.7610944311469976e-08,
        1.0202977107912684e-08,
        1.0164424416465049e-08,
        3.788966801023032e-09,
        3.726655596932756e-09,
        1.9648406349839056e-09,
        1.4463601203488275e-09,
        9.946817334607957e-10,
        7.311664613118304e-10,
        5.981711593721739e-10,
        2.5921021590334063e-10,
        1.937352576187877e-10,
        1.203130952088891e-10,
        1.203130952088891e-10,
        1.203130952088891e-10,
        1.203130952088891e-10,
        1.203130952088891e-10,
        1.203130952088891e-10,
        8.892449126221053e-11,
        8.892449126221053e-11,
        8.892449126221053e-11,
        8.892449126221053e-11,
        8.892449126221053e-11,
        8.892449126221053e-11,
        8.892449126221053e-11,
        8.892449126221053e-11,
        8.892449126221053e-11,
        8.892449126221053e-11,
        8.892449126221053e-11,
        8.892449126221053e-11,
        8.892449126221053e-11,
        8.892449126221053e-11,
        8.892449126221053e-11,
        8.892449126221053e-11,
        8.892449126221053e-11,
        8.892449126221053e-11,
        8.892449126221053e-11,
        8.892449126221053e-11,
        8.892449126221053e-11,
        8.892449126221053e-11,
        8.892449126221053e-11,
        8.892449126221053e-11,
        8.892449126221053e-11,
        8.892449126221053e-11,
        8.892449126221053e-11
    ],
    "execution_time": 0.06555008888244629,
    "parameters": {
        "population_size": 30,
        "max_iterations": 100,
        "lower_bound": [
            -100.0,
            -100.0,
            -100.0
        ],
        "upper_bound": [
            100.0,
            100.0,
            100.0
        ],
        "dimensions": 3,
        "verbose": true
    },
    "problem_type": "function_optimization",
    "timestamp": "2025-09-14T01:48:39.329247"
}