{
    "algorithm_name": "GWO",
    "best_fitness": 3.1521061107609994e-38,
    "best_solution": [
        1.0159150705691221e-19,
        -1.0136438591925686e-19,
        -1.0452505952510773e-19
    ],
    "convergence_curve": [
        1319.7211109852253,
        438.13550589209143,
        80.51536739431593,
        15.557156558747353,
        3.24421990688017,
        2.066859222692739,
        0.7310294637524976,
        0.12211524164064075,
        0.03419984569353166,
        0.002253558984876531,
        0.000522211792163445,
        0.0002480411011980229,
        3.14502567980441e-05,
        2.783753125012662e-05,
        1.1875347126425175e-05,
        8.323211185220411e-07,
        1.1829932153076995e-07,
        7.996045138522077e-08,
        1.6595644740073863e-08,
        3.201575832689956e-09,
        7.207499317860557e-10,
        7.207499317860557e-10,
        8.686061677961631e-11,
        3.0928790534626465e-11,
        5.546704146434582e-12,
        3.5509906859455216e-12,
        1.4673836577098082e-12,
        1.4691167544973138e-13,
        1.0573597475856762e-14,
        1.0573597475856762e-14,
        4.810416694362219e-16,
        4.810416694362219e-16,
        1.2126765410514576e-17,
        1.2126765410514576e-17,
        9.108796145582956e-19,
        1.2037435322970378e-19,
        2.4641816302205702e-20,
        7.548463254023465e-22,
        5.94809190756415e-22,
        8.698628851664383e-23,
        1.0830865194745204e-23,
        2.3289893779678473e-24,
        4.545395054706092e-25,
        2.7512265325315567e-27,
        2.7512265325315567e-27,
        8.547189370112619e-28,
        3.390702422703712e-28,
        6.442801886205676e-29,
        9.861746458284801e-30,
        4.10391351417372e-31,
        1.6431486439333274e-32,
        9.806898795754792e-33,
        5.44432130445578e-33,
        3.302695105852404e-33,
        1.7689838480463663e-33,
        7.492874153228129e-34,
        2.088329518041873e-34,
        1.4359661502692857e-34,
        8.028562260678532e-35,
        5.568445841151362e-35,
        3.3188679319615007e-35,
        1.580173024940422e-35,
        1.450043051311914e-35,
        7.95018665478156e-36,
        6.673444080092503e-36,
        5.2011741946578977e-36,
        3.485139637487847e-36,
        2.9968389940796616e-36,
        2.457470195792106e-36,
        1.662754884041308e-36,
        1.238092657122917e-36,
        9.09574729427225e-37,
        7.96887145825852e-37,
        5.61825854040227e-37,
        4.819850576109319e-37,
        4.193911300387011e-37,
        3.1583201738198338e-37,
        2.4050180103779395e-37,
        2.0556837067942336e-37,
        1.5654285531278295e-37,
        1.488993309668596e-37,
        1.3572512364913293e-37,
        1.2100616312020058e-37,
        1.0636016771561983e-37,
        9.690411319417549e-38,
        8.443010246235509e-38,
        7.772311280691982e-38,
        5.432167033690566e-38,
        5.432167033690566e-38,
        4.889323897549903e-38,
        4.347394000912202e-38,
        4.255529462865826e-38,
        3.922156275348548e-38,
        3.782216913847228e-38,
        3.548103257592871e-38,
        3.4347928773712074e-38,
        3.3213745590023005e-38,
        3.260166822014706e-38,
        3.189816910509689e-38,
        3.1521061107609994e-38
    ],
    "execution_time": 0.08984112739562988,
    "parameters": {
        "population_size": 30,
        "max_iterations": 100,
        "lower_bound": [
            -100.0,
            -100.0,
            -100.0
        ],
        "upper_bound": [
            100.0,
            100.0,
            100.0
        ],
        "dimensions": 3,
        "verbose": true
    },
    "problem_type": "function_optimization",
    "timestamp": "2025-09-14T01:43:56.496907"
}