{
    "algorithm_name": "AquilaOptimizer",
    "best_fitness": 0.2614537354312848,
    "best_solution": [
        -0.28508048955646126,
        0.34732192105121756,
        0.19521454321397377,
        0.09811914889658194,
        -0.10869336594472956
    ],
    "convergence_curve": [
        217.1495037487678,
        159.1451809286133,
        108.68009141972412,
        108.68009141972412,
        108.68009141972412,
        108.68009141972412,
        108.68009141972412,
        11.80355334838298,
        0.2614537354312848,
        0.2614537354312848
    ],
    "execution_time": 0.004077434539794922,
    "parameters": {
        "population_size": 10,
        "max_iterations": 10,
        "lower_bound": [
            -100.0,
            -100.0,
            -100.0,
            -100.0,
            -100.0
        ],
        "upper_bound": [
            100.0,
            100.0,
            100.0,
            100.0,
            100.0
        ],
        "dimensions": 5,
        "verbose": true
    },
    "problem_type": "function_optimization",
    "timestamp": "2025-09-14T01:31:48.543201"
}