{
    "algorithm_name": "AquilaOptimizer",
    "best_fitness": 3.108503733554528,
    "best_solution": [
        -0.03910131785754939,
        -0.0412338848114992,
        -0.03990390796395915,
        -0.03858577879675626,
        -0.038211001014707535,
        -0.03915786885176048,
        -0.0409618147263211,
        -0.03906816802952934,
        -0.04120210162721258,
        -0.039296110712252225
    ],
    "convergence_curve": [
        5865.24862153057,
        2470.3155247210875,
        952.0025694545454,
        426.7265115115574,
        199.88233034867466,
        199.88233034867466,
        199.88233034867466,
        199.88233034867466,
        199.88233034867466,
        189.64467642466627,
        189.64467642466627,
        189.64467642466627,
        189.64467642466627,
        189.64467642466627,
        189.64467642466627,
        186.2122748252409,
        186.2122748252409,
        111.15900322463828,
        111.15900322463828,
        111.15900322463828,
        74.81502382746129,
        74.81502382746129,
        74.81502382746129,
        74.81502382746129,
        74.81502382746129,
        74.81502382746129,
        74.81502382746129,
        58.94876282043908,
        58.94876282043908,
        10.7171739072745,
        10.7171739072745,
        10.7171739072745,
        10.7171739072745,
        3.108503733554528,
        3.108503733554528,
        3.108503733554528,
        3.108503733554528,
        3.108503733554528,
        3.108503733554528,
        3.108503733554528
    ],
    "execution_time": 0.028554439544677734,
    "parameters": {
        "population_size": 20,
        "max_iterations": 40,
        "lower_bound": [
            -100.0,
            -100.0,
            -100.0,
            -100.0,
            -100.0,
            -100.0,
            -100.0,
            -100.0,
            -100.0,
            -100.0
        ],
        "upper_bound": [
            100.0,
            100.0,
            100.0,
            100.0,
            100.0,
            100.0,
            100.0,
            100.0,
            100.0,
            100.0
        ],
        "dimensions": 10,
        "verbose": false
    },
    "problem_type": "function_optimization",
    "timestamp": "2025-09-14T02:07:09.562962"
}