{
    "algorithm_name": "AquilaOptimizer",
    "best_fitness": 0.0028389688904634004,
    "best_solution": [
        -0.01818991959037937,
        -0.013325119969172197,
        -0.017406964589400692,
        -0.018012389174527257,
        -0.017808877800491937,
        -0.015968199692998924,
        -0.019738634109061515,
        -0.016039791283890117,
        -0.016933487049113377,
        -0.01404696476331542
    ],
    "convergence_curve": [
        523.8465333081597,
        42.169313933827475,
        23.846057973944745,
        23.846057973944745,
        23.846057973944745,
        23.846057973944745,
        15.901603904075321,
        15.901603904075321,
        1.5231622992564318,
        1.5231622992564318,
        1.5231622992564318,
        1.5231622992564318,
        1.5231622992564318,
        1.5231622992564318,
        1.5231622992564318,
        1.5231622992564318,
        1.5231622992564318,
        1.5231622992564318,
        1.5231622992564318,
        0.62394134338459,
        0.62394134338459,
        0.62394134338459,
        0.62394134338459,
        0.62394134338459,
        0.62394134338459,
        0.62394134338459,
        0.62394134338459,
        0.62394134338459,
        0.62394134338459,
        0.62394134338459,
        0.62394134338459,
        0.62394134338459,
        0.62394134338459,
        0.62394134338459,
        0.62394134338459,
        0.22546162782080154,
        0.10667704281018378,
        0.010794009873575625,
        0.004609743607827397,
        0.004609743607827397,
        0.0032956454013014615,
        0.0032956454013014615,
        0.0032956454013014615,
        0.0032956454013014615,
        0.0032956454013014615,
        0.0032956454013014615,
        0.0032956454013014615,
        0.0032956454013014615,
        0.0032956454013014615,
        0.0028389688904634004
    ],
    "execution_time": 0.029004573822021484,
    "parameters": {
        "population_size": 20,
        "max_iterations": 50,
        "lower_bound": [
            -100.0,
            -100.0,
            -100.0,
            -100.0,
            -100.0,
            -100.0,
            -100.0,
            -100.0,
            -100.0,
            -100.0
        ],
        "upper_bound": [
            100.0,
            100.0,
            100.0,
            100.0,
            100.0,
            100.0,
            100.0,
            100.0,
            100.0,
            100.0
        ],
        "dimensions": 10,
        "verbose": false
    },
    "problem_type": "function_optimization",
    "timestamp": "2025-09-14T02:06:46.026856"
}