{
    "algorithm_name": "GWO",
    "best_fitness": 36.3388322994768,
    "best_solution": [
        0.8385809660322504,
        -2.2343988838751407,
        2.645295341984627,
        2.1079294884730415,
        -2.2117786774587067,
        -0.8039047781232843,
        -1.5477823335951573,
        0.38352262518604313,
        -2.5363038873935575,
        2.165256737697861
    ],
    "convergence_curve": [
        18738.617324627634,
        9914.216675781197,
        5485.877261118755,
        2392.6201922295095,
        953.0449733074954,
        589.8257917588674,
        384.79503780961244,
        194.67938272710512,
        194.67938272710512,
        148.24747337081138,
        113.3548787337644,
        91.58235524882357,
        81.3421090779168,
        71.78100354770721,
        53.092982315600516,
        49.797215139028395,
        42.80881009300001,
        40.59987954873851,
        36.3388322994768,
        36.3388322994768
    ],
    "execution_time": 0.029657840728759766,
    "parameters": {
        "population_size": 15,
        "max_iterations": 20,
        "lower_bound": [
            -100.0,
            -100.0,
            -100.0,
            -100.0,
            -100.0,
            -100.0,
            -100.0,
            -100.0,
            -100.0,
            -100.0
        ],
        "upper_bound": [
            100.0,
            100.0,
            100.0,
            100.0,
            100.0,
            100.0,
            100.0,
            100.0,
            100.0,
            100.0
        ],
        "dimensions": 10,
        "verbose": false
    },
    "problem_type": "function_optimization",
    "timestamp": "2025-09-14T02:14:52.375847"
}