{
    "algorithm_name": "DE",
    "best_fitness": 1576.269715471941,
    "best_solution": [
        -26.063213157854882,
        -11.392717675774405,
        -4.035155493643373,
        0.13149369705081426,
        -0.01631521102924527,
        12.249184285397565,
        -12.834214061568163,
        -3.6584136570109465,
        -13.946656329359605,
        -15.10734269132227
    ],
    "convergence_curve": [
        19044.949605682912,
        19044.949605682912,
        11385.82827356444,
        10872.556318037543,
        10825.858228874558,
        4751.74063408837,
        4441.675924523372,
        4441.675924523372,
        4441.675924523372,
        3690.7665150033563,
        3690.7665150033563,
        3690.7665150033563,
        3690.7665150033563,
        3243.149740413159,
        3117.5579155025853,
        3117.5579155025853,
        3117.5579155025853,
        2784.590365908944,
        2784.590365908944,
        1576.269715471941
    ],
    "execution_time": 0.018551111221313477,
    "parameters": {
        "population_size": 15,
        "max_iterations": 20,
        "lower_bound": [
            -100.0,
            -100.0,
            -100.0,
            -100.0,
            -100.0,
            -100.0,
            -100.0,
            -100.0,
            -100.0,
            -100.0
        ],
        "upper_bound": [
            100.0,
            100.0,
            100.0,
            100.0,
            100.0,
            100.0,
            100.0,
            100.0,
            100.0,
            100.0
        ],
        "dimensions": 10,
        "verbose": false
    },
    "problem_type": "function_optimization",
    "timestamp": "2025-09-14T02:13:30.668538"
}