{
    "algorithm_name": "WOA",
    "best_fitness": 70.0216038488451,
    "best_solution": [
        0.5130569784111568,
        2.0419938646538838,
        1.0095714529932651,
        0.5622828863348728,
        0.7436448583727985,
        -2.124237128436422,
        -1.3640630878691478,
        -6.626246375737663,
        -1.9420116314765086,
        -3.1062246393065025
    ],
    "convergence_curve": [
        10691.152681292864,
        8426.453487374916,
        8351.852170129092,
        7231.857420996398,
        6884.257552417776,
        5778.772161062814,
        5008.627252658007,
        4838.701705973622,
        4594.5956372142,
        4089.1116881706516,
        2928.2699278817495,
        2680.8566012435263,
        1961.7010311756267,
        1585.0096309541236,
        812.9849184967848,
        496.33567568402844,
        176.10990788370802,
        90.96166938130601,
        78.08659896718011,
        70.0216038488451
    ],
    "execution_time": 0.020019054412841797,
    "parameters": {
        "population_size": 15,
        "max_iterations": 20,
        "lower_bound": [
            -100.0,
            -100.0,
            -100.0,
            -100.0,
            -100.0,
            -100.0,
            -100.0,
            -100.0,
            -100.0,
            -100.0
        ],
        "upper_bound": [
            100.0,
            100.0,
            100.0,
            100.0,
            100.0,
            100.0,
            100.0,
            100.0,
            100.0,
            100.0
        ],
        "dimensions": 10,
        "verbose": false
    },
    "problem_type": "function_optimization",
    "timestamp": "2025-09-14T02:14:52.398846"
}