{
    "algorithm_name": "WOA",
    "best_fitness": 219.68037708427815,
    "best_solution": [
        -0.8810427705164745,
        0.03390042886810951,
        6.05663885071148,
        10.528730023723975,
        1.585023186353835,
        -1.1133728618146372,
        0.8201571378626209,
        5.699383625706766,
        0.6182135912464888,
        5.837486126959033
    ],
    "convergence_curve": [
        25640.757318788896,
        17579.422865604556,
        17101.394775543416,
        17100.565539791252,
        16343.831276780438,
        12387.229614820035,
        11580.86823027412,
        10161.88813426994,
        8368.322914033912,
        7031.011371436007,
        6374.466419641235,
        3573.8840527977654,
        1815.8122181754547,
        1557.6468845464617,
        1150.404422852849,
        921.3595453011233,
        525.6502522870886,
        343.7403974669555,
        249.40125217494304,
        219.68037708427815
    ],
    "execution_time": 0.015006780624389648,
    "parameters": {
        "population_size": 15,
        "max_iterations": 20,
        "lower_bound": [
            -100.0,
            -100.0,
            -100.0,
            -100.0,
            -100.0,
            -100.0,
            -100.0,
            -100.0,
            -100.0,
            -100.0
        ],
        "upper_bound": [
            100.0,
            100.0,
            100.0,
            100.0,
            100.0,
            100.0,
            100.0,
            100.0,
            100.0,
            100.0
        ],
        "dimensions": 10,
        "verbose": false
    },
    "problem_type": "function_optimization",
    "timestamp": "2025-09-14T02:13:30.645984"
}