{
    "algorithm_name": "ACO",
    "best_fitness": 1009.248192600538,
    "best_solution": [
        -7.571946212130941,
        0.9056408327060801,
        11.328484415662242,
        -16.086366190165094,
        -1.6936175162502796,
        0.5776004360236726,
        10.411169552574808,
        17.752396430923852,
        11.023490943841843,
        -3.9659243369149184
    ],
    "convergence_curve": [
        16529.859332773638,
        15680.76219172632,
        15680.76219172632,
        11194.930264594004,
        11194.930264594004,
        6986.42870846001,
        6986.42870846001,
        6986.42870846001,
        6308.262053271412,
        4788.069572281004,
        4536.278532765587,
        3949.8497083309244,
        3949.8497083309244,
        3949.8497083309244,
        3153.8661691634857,
        3153.8661691634857,
        1293.323390120261,
        1293.323390120261,
        1293.323390120261,
        1009.248192600538
    ],
    "execution_time": 0.1581275463104248,
    "parameters": {
        "population_size": 15,
        "max_iterations": 20,
        "lower_bound": [
            -100.0,
            -100.0,
            -100.0,
            -100.0,
            -100.0,
            -100.0,
            -100.0,
            -100.0,
            -100.0,
            -100.0
        ],
        "upper_bound": [
            100.0,
            100.0,
            100.0,
            100.0,
            100.0,
            100.0,
            100.0,
            100.0,
            100.0,
            100.0
        ],
        "dimensions": 10,
        "verbose": false
    },
    "problem_type": "function_optimization",
    "timestamp": "2025-09-14T02:13:30.891230"
}