{
    "algorithm_name": "SineCosinAlgorithm",
    "best_fitness": 119.83604743868766,
    "best_solution": [
        -1.530582491832151,
        0.38744071172991745,
        -3.313208056989825,
        -0.9731265947205952,
        4.184486137072129,
        0.31589271678668995,
        -2.24241788094913,
        8.059966094736538,
        0.612977763760772,
        4.176360352171272
    ],
    "convergence_curve": [
        16001.352956287516,
        16001.352956287516,
        16001.352956287516,
        16001.352956287516,
        16001.352956287516,
        16001.352956287516,
        16001.352956287516,
        16001.352956287516,
        15883.836616610066,
        15883.836616610066,
        11361.403019488898,
        8152.677547955262,
        8152.677547955262,
        8152.677547955262,
        8152.677547955262,
        8152.677547955262,
        8152.677547955262,
        7874.783453538234,
        2453.746428022193,
        1716.5862912863329,
        784.3539779722845,
        784.3539779722845,
        669.2236598584682,
        495.67142937428906,
        489.46982879325304,
        443.8691125359355,
        119.83604743868766,
        119.83604743868766,
        119.83604743868766,
        119.83604743868766,
        119.83604743868766,
        119.83604743868766,
        119.83604743868766,
        119.83604743868766,
        119.83604743868766,
        119.83604743868766,
        119.83604743868766,
        119.83604743868766,
        119.83604743868766,
        119.83604743868766,
        119.83604743868766,
        119.83604743868766,
        119.83604743868766,
        119.83604743868766,
        119.83604743868766,
        119.83604743868766,
        119.83604743868766,
        119.83604743868766,
        119.83604743868766,
        119.83604743868766
    ],
    "execution_time": 0.05036330223083496,
    "parameters": {
        "population_size": 20,
        "max_iterations": 50,
        "lower_bound": [
            -100.0,
            -100.0,
            -100.0,
            -100.0,
            -100.0,
            -100.0,
            -100.0,
            -100.0,
            -100.0,
            -100.0
        ],
        "upper_bound": [
            100.0,
            100.0,
            100.0,
            100.0,
            100.0,
            100.0,
            100.0,
            100.0,
            100.0,
            100.0
        ],
        "dimensions": 10,
        "verbose": false
    },
    "problem_type": "function_optimization",
    "timestamp": "2025-09-14T02:06:45.994851"
}