{
    "algorithm_name": "AquilaOptimizer",
    "best_fitness": 0.0001468442019869717,
    "best_solution": [
        0.002640933624693447,
        0.004036797642266832,
        0.000401155587905583,
        0.002019191849216619,
        -0.0035825817285496104,
        -0.004439428614087899,
        -0.0013909712556426927,
        0.0031405752474151193,
        -0.006984745375459914,
        0.005119352957419929
    ],
    "convergence_curve": [
        3726.662755248025,
        808.9637288983006,
        631.6301929968184,
        631.6301929968184,
        631.6301929968184,
        631.6301929968184,
        631.6301929968184,
        333.2943598236445,
        333.2943598236445,
        59.432517998090546,
        59.432517998090546,
        59.432517998090546,
        59.432517998090546,
        18.935357686823377,
        18.935357686823377,
        8.44723461276889,
        0.9888067242571157,
        0.0001468442019869717,
        0.0001468442019869717,
        0.0001468442019869717
    ],
    "execution_time": 0.010514974594116211,
    "parameters": {
        "population_size": 15,
        "max_iterations": 20,
        "lower_bound": [
            -100.0,
            -100.0,
            -100.0,
            -100.0,
            -100.0,
            -100.0,
            -100.0,
            -100.0,
            -100.0,
            -100.0
        ],
        "upper_bound": [
            100.0,
            100.0,
            100.0,
            100.0,
            100.0,
            100.0,
            100.0,
            100.0,
            100.0,
            100.0
        ],
        "dimensions": 10,
        "verbose": false
    },
    "problem_type": "function_optimization",
    "timestamp": "2025-09-14T02:13:30.569969"
}