{
    "algorithm_name": "GWO",
    "best_fitness": 49.90695920745505,
    "best_solution": [
        1.8618545686577923,
        -2.5763920248081154,
        -1.7705891297336123,
        -1.9943207248475296,
        2.497307164279337,
        -1.1203721930676627,
        2.512212818781491,
        -2.4010628175270323,
        3.619244884208573,
        -0.1527531703439232
    ],
    "convergence_curve": [
        21473.534770315804,
        15824.539276938302,
        8955.675814350741,
        4269.520557883565,
        1670.060057637006,
        1670.060057637006,
        652.6998174667531,
        565.9131671505485,
        403.0025992439212,
        291.9276532017832,
        220.626356509489,
        166.95794846476443,
        125.42612565432803,
        95.52788284342259,
        75.50720467749233,
        70.45126705170883,
        61.441602543510896,
        52.42395339808343,
        52.42395339808343,
        49.90695920745505
    ],
    "execution_time": 0.041116952896118164,
    "parameters": {
        "population_size": 15,
        "max_iterations": 20,
        "lower_bound": [
            -100.0,
            -100.0,
            -100.0,
            -100.0,
            -100.0,
            -100.0,
            -100.0,
            -100.0,
            -100.0,
            -100.0
        ],
        "upper_bound": [
            100.0,
            100.0,
            100.0,
            100.0,
            100.0,
            100.0,
            100.0,
            100.0,
            100.0,
            100.0
        ],
        "dimensions": 10,
        "verbose": false
    },
    "problem_type": "function_optimization",
    "timestamp": "2025-09-14T14:49:27.399518"
}