{
    "algorithm_name": "PSO",
    "best_fitness": 3.3323700931747218,
    "best_solution": [
        0.3836170508537622,
        0.020842789376317228,
        -1.1929202189188501
    ],
    "convergence_curve": [
        559.1413563276026,
        95.0340187324199,
        95.0340187324199,
        95.0340187324199,
        82.95258616306964,
        82.95258616306964,
        82.95258616306964,
        15.723784714281555,
        12.460197609505265,
        12.460197609505265,
        12.460197609505265,
        12.460197609505265,
        12.460197609505265,
        12.460197609505265,
        12.460197609505265,
        12.460197609505265,
        12.460197609505265,
        12.460197609505265,
        12.460197609505265,
        3.3323700931747218
    ],
    "execution_time": 0.017153024673461914,
    "parameters": {
        "population_size": 30,
        "max_iterations": 20,
        "lower_bound": [
            -100.0,
            -100.0,
            -100.0
        ],
        "upper_bound": [
            100.0,
            100.0,
            100.0
        ],
        "dimensions": 3,
        "verbose": true
    },
    "problem_type": "function_optimization",
    "timestamp": "2025-09-14T01:44:20.726982"
}