{
    "algorithm_name": "PSO",
    "best_fitness": 741.6231626646429,
    "best_solution": [
        4.133890891869882,
        11.315749947517421,
        -2.0359344630653586,
        -15.358269188502,
        2.604514245430103,
        6.278723530585964,
        2.452378559317861,
        -5.161416559948968,
        -10.688335198086994,
        12.781459065430113
    ],
    "convergence_curve": [
        10564.878534479763,
        1937.6340902137495,
        1937.6340902137495,
        1937.6340902137495,
        1937.6340902137495,
        1857.4271121514196,
        1857.4271121514196,
        1857.4271121514196,
        1857.4271121514196,
        1857.4271121514196,
        1698.4753847573281,
        1698.4753847573281,
        1596.054220125072,
        1596.054220125072,
        1596.054220125072,
        1121.8908482921677,
        1121.8908482921677,
        1121.8908482921677,
        1121.8908482921677,
        1080.432393348636,
        1080.432393348636,
        1080.432393348636,
        1080.432393348636,
        1080.432393348636,
        1080.432393348636,
        1080.432393348636,
        1080.432393348636,
        1080.432393348636,
        1080.432393348636,
        1080.432393348636,
        1080.432393348636,
        1080.432393348636,
        1080.432393348636,
        1080.432393348636,
        1080.432393348636,
        1080.432393348636,
        923.3679857121982,
        923.3679857121982,
        923.3679857121982,
        923.3679857121982,
        923.3679857121982,
        757.7656138491894,
        757.7656138491894,
        757.7656138491894,
        757.7656138491894,
        757.7656138491894,
        757.7656138491894,
        741.6231626646429,
        741.6231626646429,
        741.6231626646429
    ],
    "execution_time": 0.02602243423461914,
    "parameters": {
        "population_size": 20,
        "max_iterations": 50,
        "lower_bound": [
            -100.0,
            -100.0,
            -100.0,
            -100.0,
            -100.0,
            -100.0,
            -100.0,
            -100.0,
            -100.0,
            -100.0
        ],
        "upper_bound": [
            100.0,
            100.0,
            100.0,
            100.0,
            100.0,
            100.0,
            100.0,
            100.0,
            100.0,
            100.0
        ],
        "dimensions": 10,
        "verbose": false
    },
    "problem_type": "function_optimization",
    "timestamp": "2025-09-14T02:06:45.941498"
}