{
    "algorithm_name": "ACO",
    "best_fitness": 576.894744413341,
    "best_solution": [
        17.066756645425215,
        5.211113471302921,
        -2.756017864330184,
        -4.144309305358813,
        1.752768021956987,
        -4.266335088148729,
        4.2675004139728925,
        -6.496821244845084,
        -1.616896779889446,
        12.222336610921808
    ],
    "convergence_curve": [
        24839.51040709924,
        15665.412485784707,
        11214.132400703527,
        11214.132400703527,
        5540.5545877536615,
        5540.5545877536615,
        5540.5545877536615,
        3718.9848557515156,
        3547.0982832165287,
        3547.0982832165287,
        1533.3299205410945,
        1533.3299205410945,
        1451.835031863494,
        1451.835031863494,
        1125.6266245297147,
        1125.6266245297147,
        895.0238214254159,
        895.0238214254159,
        662.9585513732693,
        576.894744413341
    ],
    "execution_time": 0.14960670471191406,
    "parameters": {
        "population_size": 15,
        "max_iterations": 20,
        "lower_bound": [
            -100.0,
            -100.0,
            -100.0,
            -100.0,
            -100.0,
            -100.0,
            -100.0,
            -100.0,
            -100.0,
            -100.0
        ],
        "upper_bound": [
            100.0,
            100.0,
            100.0,
            100.0,
            100.0,
            100.0,
            100.0,
            100.0,
            100.0,
            100.0
        ],
        "dimensions": 10,
        "verbose": false
    },
    "problem_type": "function_optimization",
    "timestamp": "2025-09-14T02:14:52.624598"
}