{
    "algorithm_name": "AquilaOptimizer",
    "best_fitness": 44.693351404770794,
    "best_solution": [
        -4.701340975308465,
        1.7379923684550564,
        3.064227402745178,
        -3.0597324206627188,
        -0.9048065561540949
    ],
    "convergence_curve": [
        926.6701647441896,
        926.6701647441896,
        520.0161921526947,
        520.0161921526947,
        520.0161921526947,
        174.06876664546056,
        174.06876664546056,
        174.06876664546056,
        174.06876664546056,
        44.693351404770794
    ],
    "execution_time": 0.0030205249786376953,
    "parameters": {
        "population_size": 10,
        "max_iterations": 10,
        "lower_bound": [
            -100.0,
            -100.0,
            -100.0,
            -100.0,
            -100.0
        ],
        "upper_bound": [
            100.0,
            100.0,
            100.0,
            100.0,
            100.0
        ],
        "dimensions": 5,
        "verbose": true
    },
    "problem_type": "function_optimization",
    "timestamp": "2025-09-14T01:34:20.586737"
}