{
    "algorithm_name": "SineCosinAlgorithm",
    "best_fitness": 1407.6246551248073,
    "best_solution": [
        -0.10444924265863405,
        5.75132846735721,
        16.94511933546909,
        16.175722168049326,
        -5.678531813755108,
        -2.5838846884865747,
        2.7992957212437055,
        -17.006884177273704,
        -5.508193814312735,
        21.433906799658292
    ],
    "convergence_curve": [
        15661.211985949987,
        15661.211985949987,
        15661.211985949987,
        15661.211985949987,
        15661.211985949987,
        15661.211985949987,
        15661.211985949987,
        15661.211985949987,
        14095.940058149183,
        3876.650381537618,
        3876.650381537618,
        3819.2926696425534,
        1801.3754841956943,
        1801.3754841956943,
        1407.6246551248073,
        1407.6246551248073,
        1407.6246551248073,
        1407.6246551248073,
        1407.6246551248073,
        1407.6246551248073
    ],
    "execution_time": 0.01599884033203125,
    "parameters": {
        "population_size": 15,
        "max_iterations": 20,
        "lower_bound": [
            -100.0,
            -100.0,
            -100.0,
            -100.0,
            -100.0,
            -100.0,
            -100.0,
            -100.0,
            -100.0,
            -100.0
        ],
        "upper_bound": [
            100.0,
            100.0,
            100.0,
            100.0,
            100.0,
            100.0,
            100.0,
            100.0,
            100.0,
            100.0
        ],
        "dimensions": 10,
        "verbose": false
    },
    "problem_type": "function_optimization",
    "timestamp": "2025-09-14T02:14:52.343186"
}