{
    "algorithm_name": "FA",
    "best_fitness": 23524.253460374424,
    "best_solution": [
        85.50780401195689,
        -57.163344649707156,
        44.531718078772826,
        -5.240980480672391,
        -18.693453809126723,
        28.821597899060976,
        23.279377002474774,
        12.023042563053039,
        -57.010660821255655,
        -76.27352775569119
    ],
    "convergence_curve": [
        23524.253460374424,
        23524.253460374424,
        23524.253460374424,
        23524.253460374424,
        23524.253460374424,
        23524.253460374424,
        23524.253460374424,
        23524.253460374424,
        23524.253460374424,
        23524.253460374424,
        23524.253460374424,
        23524.253460374424,
        23524.253460374424,
        23524.253460374424,
        23524.253460374424,
        23524.253460374424,
        23524.253460374424,
        23524.253460374424,
        23524.253460374424,
        23524.253460374424
    ],
    "execution_time": 0.04300212860107422,
    "parameters": {
        "population_size": 15,
        "max_iterations": 20,
        "lower_bound": [
            -100.0,
            -100.0,
            -100.0,
            -100.0,
            -100.0,
            -100.0,
            -100.0,
            -100.0,
            -100.0,
            -100.0
        ],
        "upper_bound": [
            100.0,
            100.0,
            100.0,
            100.0,
            100.0,
            100.0,
            100.0,
            100.0,
            100.0,
            100.0
        ],
        "dimensions": 10,
        "verbose": false
    },
    "problem_type": "function_optimization",
    "timestamp": "2025-09-14T02:13:30.713524"
}