{
    "algorithm_name": "AquilaOptimizer",
    "best_fitness": 0.006056849093218918,
    "best_solution": [
        0.01944540392845195,
        0.025458764608586173,
        0.022796507453586638,
        0.02462395070371835,
        0.027019665965070747,
        0.02302261579628685,
        0.027175445085468927,
        0.0205306046608621,
        0.024502287499851092,
        0.02973350198875897
    ],
    "convergence_curve": [
        1299.1083988007852,
        1299.1083988007852,
        252.47317329755256,
        252.47317329755256,
        200.7679467354762,
        200.7679467354762,
        179.3259241313017,
        58.29370952993228,
        53.756202838608495,
        12.0000944953653,
        12.0000944953653,
        12.0000944953653,
        12.0000944953653,
        12.0000944953653,
        12.0000944953653,
        12.0000944953653,
        12.0000944953653,
        12.0000944953653,
        12.0000944953653,
        12.0000944953653,
        12.0000944953653,
        6.9995709349649236,
        0.13831879190638693,
        0.006056849093218918,
        0.006056849093218918,
        0.006056849093218918,
        0.006056849093218918,
        0.006056849093218918,
        0.006056849093218918,
        0.006056849093218918
    ],
    "execution_time": 0.01655125617980957,
    "parameters": {
        "population_size": 15,
        "max_iterations": 30,
        "lower_bound": [
            -100.0,
            -100.0,
            -100.0,
            -100.0,
            -100.0,
            -100.0,
            -100.0,
            -100.0,
            -100.0,
            -100.0
        ],
        "upper_bound": [
            100.0,
            100.0,
            100.0,
            100.0,
            100.0,
            100.0,
            100.0,
            100.0,
            100.0,
            100.0
        ],
        "dimensions": 10,
        "verbose": false
    },
    "problem_type": "function_optimization",
    "timestamp": "2025-09-14T02:07:16.162976"
}