{
    "algorithm_name": "BA",
    "best_fitness": 8617.922856919737,
    "best_solution": [
        24.564767531060262,
        -25.76445326830858,
        -11.815217217378958,
        -30.785933284116584,
        33.42290404205431,
        -30.094765917609678,
        -35.01258264983837,
        6.6641007124104075,
        -50.85073705479642,
        19.607163573777616
    ],
    "convergence_curve": [
        17295.769262442864,
        17295.332490535908,
        17295.12505744771,
        14014.958379669186,
        11473.950062582997,
        11473.515800671956,
        11473.393273361311,
        11473.071321885827,
        11473.071321885827,
        9677.25211006587,
        9677.160935017875,
        9677.160935017875,
        9677.057035699805,
        9677.057035699805,
        8619.18949770811,
        8619.18949770811,
        8619.156906646544,
        8618.563335848137,
        8618.050815215734,
        8617.922856919737
    ],
    "execution_time": 0.008003950119018555,
    "parameters": {
        "population_size": 15,
        "max_iterations": 20,
        "lower_bound": [
            -100.0,
            -100.0,
            -100.0,
            -100.0,
            -100.0,
            -100.0,
            -100.0,
            -100.0,
            -100.0,
            -100.0
        ],
        "upper_bound": [
            100.0,
            100.0,
            100.0,
            100.0,
            100.0,
            100.0,
            100.0,
            100.0,
            100.0,
            100.0
        ],
        "dimensions": 10,
        "verbose": false
    },
    "problem_type": "function_optimization",
    "timestamp": "2025-09-14T02:14:52.472992"
}