{
    "algorithm_name": "PSO",
    "best_fitness": 1573.2235748774137,
    "best_solution": [
        -1.7554433031835757,
        4.554196553960423,
        -21.67247504762952,
        -9.023139297477123,
        9.45488427324942,
        7.136166697838149,
        -14.456404542402126,
        -18.816949865700224,
        16.735022901832053,
        -3.8525487844074817
    ],
    "convergence_curve": [
        3808.7627556079347,
        3589.4296956357816,
        2923.283754665069,
        2779.5557033179252,
        2779.5557033179252,
        2779.5557033179252,
        2779.5557033179252,
        2174.7466768144905,
        2174.7466768144905,
        2174.7466768144905,
        2174.7466768144905,
        2026.0459824017228,
        2026.0459824017228,
        2026.0459824017228,
        2026.0459824017228,
        2026.0459824017228,
        2026.0459824017228,
        1573.2235748774137,
        1573.2235748774137,
        1573.2235748774137
    ],
    "execution_time": 0.009003162384033203,
    "parameters": {
        "population_size": 15,
        "max_iterations": 20,
        "lower_bound": [
            -100.0,
            -100.0,
            -100.0,
            -100.0,
            -100.0,
            -100.0,
            -100.0,
            -100.0,
            -100.0,
            -100.0
        ],
        "upper_bound": [
            100.0,
            100.0,
            100.0,
            100.0,
            100.0,
            100.0,
            100.0,
            100.0,
            100.0,
            100.0
        ],
        "dimensions": 10,
        "verbose": false
    },
    "problem_type": "function_optimization",
    "timestamp": "2025-09-14T02:13:30.580978"
}