{
  "pso": {
    "algorithm": "pso",
    "runs": [
      {
        "run": 1,
        "best_fitness": 0.11210343328987393,
        "n_selected_features": 8,
        "convergence_curve": [
          0.11210343328987393,
          0.11210343328987393,
          0.11210343328987393,
          0.11210343328987393,
          0.11210343328987393,
          0.11210343328987393,
          0.11210343328987393,
          0.11210343328987393,
          0.11210343328987393,
          0.11210343328987393,
          0.11210343328987393,
          0.11210343328987393,
          0.11210343328987393,
          0.11210343328987393,
          0.11210343328987393,
          0.11210343328987393,
          0.11210343328987393,
          0.11210343328987393,
          0.11210343328987393,
          0.11210343328987393,
          0.11210343328987393,
          0.11210343328987393,
          0.11210343328987393,
          0.11210343328987393,
          0.11210343328987393,
          0.11210343328987393,
          0.11210343328987393,
          0.11210343328987393,
          0.11210343328987393,
          0.11210343328987393,
          0.11210343328987393,
          0.11210343328987393,
          0.11210343328987393,
          0.11210343328987393,
          0.11210343328987393,
          0.11210343328987393,
          0.11210343328987393,
          0.11210343328987393,
          0.11210343328987393,
          0.11210343328987393,
          0.11210343328987393,
          0.11210343328987393,
          0.11210343328987393,
          0.11210343328987393,
          0.11210343328987393,
          0.11210343328987393,
          0.11210343328987393,
          0.11210343328987393,
          0.11210343328987393,
          0.11210343328987393
        ],
        "execution_time": 39.56470465660095,
        "final_accuracy": 0.8878965667101261,
        "success": true,
        "total_iterations": 50
      }
    ],
    "statistics": {
      "mean_fitness": 0.11210343328987393,
      "std_fitness": 0.0,
      "best_fitness": 0.11210343328987393,
      "worst_fitness": 0.11210343328987393,
      "mean_time": 39.56470465660095,
      "std_time": 0.0,
      "total_runs": 1,
      "successful_runs": 1,
      "mean_features": 8.0,
      "std_features": 0.0,
      "mean_accuracy": 0.8878965667101261,
      "std_accuracy": 0.0
    },
    "task_type": "feature_selection",
    "total_execution_time": 39.5648627281189
  },
  "alo": {
    "algorithm": "alo",
    "runs": [
      {
        "run": 1,
        "best_fitness": 0.09311169056931776,
        "n_selected_features": 7,
        "convergence_curve": [
          0.11756482688686076,
          0.10773576705780091,
          0.10773576705780091,
          0.10383891061857153,
          0.10383891061857153,
          0.10383891061857153,
          0.09320585252788646,
          0.09320585252788646,
          0.09320585252788646,
          0.09320585252788646,
          0.09320585252788646,
          0.09320585252788646,
          0.09320585252788646,
          0.09320585252788646,
          0.09320585252788646,
          0.09320585252788646,
          0.09320585252788646,
          0.09320585252788646,
          0.09320585252788646,
          0.09320585252788646,
          0.09320585252788646,
          0.09320585252788646,
          0.09320585252788646,
          0.09320585252788646,
          0.09320585252788646,
          0.09320585252788646,
          0.09320585252788646,
          0.09320585252788646,
          0.09320585252788646,
          0.09320585252788646,
          0.09320585252788646,
          0.09320585252788646,
          0.09320585252788646,
          0.09320585252788646,
          0.09320585252788646,
          0.09320585252788646,
          0.09320585252788646,
          0.09320585252788646,
          0.09320585252788646,
          0.09320585252788646,
          0.09320585252788646,
          0.09320585252788646,
          0.09311169056931776,
          0.09311169056931776,
          0.09311169056931776,
          0.09311169056931776,
          0.09311169056931776,
          0.09311169056931776,
          0.09311169056931776,
          0.09311169056931776,
          0.09311169056931776,
          0.09311169056931776,
          0.09311169056931776,
          0.09311169056931776,
          0.09311169056931776,
          0.09311169056931776,
          0.09311169056931776,
          0.09311169056931776,
          0.09311169056931776,
          0.09311169056931776,
          0.09311169056931776,
          0.09311169056931776,
          0.09311169056931776,
          0.09311169056931776,
          0.09311169056931776,
          0.09311169056931776,
          0.09311169056931776,
          0.09311169056931776,
          0.09311169056931776,
          0.09311169056931776,
          0.09311169056931776,
          0.09311169056931776,
          0.09311169056931776,
          0.09311169056931776,
          0.09311169056931776,
          0.09311169056931776,
          0.09311169056931776,
          0.09311169056931776,
          0.09311169056931776,
          0.09311169056931776,
          0.09311169056931776,
          0.09311169056931776,
          0.09311169056931776,
          0.09311169056931776,
          0.09311169056931776,
          0.09311169056931776,
          0.09311169056931776,
          0.09311169056931776,
          0.09311169056931776,
          0.09311169056931776,
          0.09311169056931776,
          0.09311169056931776,
          0.09311169056931776,
          0.09311169056931776,
          0.09311169056931776,
          0.09311169056931776,
          0.09311169056931776,
          0.09311169056931776,
          0.09311169056931776,
          0.09311169056931776
        ],
        "execution_time": 91.71263241767883,
        "final_accuracy": 0.9068883094306822,
        "success": true,
        "total_iterations": 100
      }
    ],
    "statistics": {
      "mean_fitness": 0.09311169056931776,
      "std_fitness": 0.0,
      "best_fitness": 0.09311169056931776,
      "worst_fitness": 0.09311169056931776,
      "mean_time": 91.71263241767883,
      "std_time": 0.0,
      "total_runs": 1,
      "successful_runs": 1,
      "mean_features": 7.0,
      "std_features": 0.0,
      "mean_accuracy": 0.9068883094306822,
      "std_accuracy": 0.0
    },
    "task_type": "feature_selection",
    "total_execution_time": 91.71278357505798
  }
}